subscription_id,account_id,start_date,end_date,plan_tier,seats,mrr_amount,arr_amount,is_trial,upgrade_flag,downgrade_flag,churn_flag,billing_frequency,auto_renew_flag
S-78eb6b,A-2e4581,2024-12-07,,Basic,20,757,9084,False,False,False,False,annual,False
S-6fdd88,A-2e4581,2024-10-16,,Basic,22,777,9324,False,False,False,False,annual,True
S-1a1827,A-2e4581,2024-11-24,,Pro,11,1022,12264,False,False,False,False,annual,True
S-c49442,A-2e4581,2024-11-04,,Enterprise,12,2232,26784,False,False,False,False,monthly,True
S-251eb3,A-2e4581,2024-11-07,,Basic,20,0,0,True,False,False,False,annual,True
S-e58bc0,A-43a9e3,2023-11-12,,Enterprise,32,6071,72852,False,False,False,False,monthly,False
S-459d77,A-0a282f,2024-09-17,,Pro,21,0,0,True,False,False,False,monthly,True
S-187ad9,A-0a282f,2024-10-10,,Pro,42,0,0,True,False,False,False,monthly,True
S-0d77d9,A-1f0ac7,2023-09-25,,Basic,15,713,8556,False,False,False,False,annual,True
S-ce7f2d,A-1f0ac7,2024-02-10,,Basic,13,607,7284,False,False,False,False,monthly,True
S-d1204f,A-ce550d,2024-10-31,,Enterprise,24,4075,48900,False,False,True,False,monthly,False
S-1075a9,A-ce550d,2024-11-14,,Pro,26,1530,18360,False,False,False,False,annual,True
S-d670f3,A-ce550d,2024-11-13,,Enterprise,23,2881,34572,False,False,False,False,monthly,True
S-9e9a2b,A-ce550d,2024-10-30,,Basic,14,613,7356,False,False,False,False,annual,True
S-3b97bb,A-1b9609,2023-10-28,2024-01-24,Basic,25,1086,13032,False,False,False,True,monthly,False
S-367250,A-1b9609,2023-10-20,,Pro,11,759,9108,False,False,True,False,monthly,True
S-733d21,A-1b9609,2023-11-02,,Pro,9,550,6600,False,False,True,False,monthly,False
S-50dfcc,A-a0ca4e,2024-04-25,2024-06-25,Basic,23,1028,12336,False,False,False,True,annual,True
S-18147a,A-e5d6ab,2023-05-11,,Pro,10,703,8436,False,False,False,False,annual,True
S-44d374,A-e5d6ab,2023-09-19,,Enterprise,80,11851,142212,False,False,False,False,annual,True
S-d812ff,A-7dacce,2024-10-27,,Enterprise,7,0,0,True,False,False,False,monthly,True
S-c1baf7,A-7dacce,2024-10-24,,Pro,17,1055,12660,False,False,False,False,monthly,True
S-7a2b73,A-7dacce,2024-11-24,,Pro,18,1112,13344,False,False,False,False,annual,True
S-d4d476,A-10b8da,2023-07-12,,Pro,17,1101,13212,False,False,False,False,monthly,False
S-b23337,A-592832,2024-09-25,,Basic,10,287,3444,False,False,False,False,annual,True
S-9d6621,A-592832,2024-10-01,,Pro,56,5191,62292,False,False,False,False,monthly,True
S-ca878d,A-592832,2024-10-08,,Basic,26,934,11208,False,False,False,False,monthly,True
S-3731bb,A-592832,2024-11-03,,Basic,19,800,9600,False,False,False,False,monthly,True
S-d029cf,A-d40bf7,2024-11-12,,Pro,31,2830,33960,False,False,False,False,monthly,True
S-ced59a,A-d40bf7,2024-11-11,,Basic,32,1511,18132,False,False,False,False,monthly,True
S-5ec87c,A-d40bf7,2024-11-21,,Basic,66,2651,31812,False,False,False,False,annual,True
S-336276,A-6c093d,2023-10-28,,Basic,13,468,5616,False,False,False,False,monthly,True
S-87e46b,A-6c093d,2023-07-01,,Basic,2,81,972,False,False,True,False,annual,False
S-4af633,A-462d45,2024-01-31,,Pro,49,4094,49128,False,False,False,False,monthly,True
S-04d4ff,A-462d45,2024-02-25,,Basic,33,1059,12708,False,False,False,False,annual,False
S-af6f81,A-956988,2024-12-04,,Basic,19,558,6696,False,False,False,False,monthly,False
S-dfe619,A-956988,2024-12-19,,Pro,32,2874,34488,False,False,False,False,monthly,True
S-dd9c09,A-ac14bb,2023-11-21,2024-02-01,Pro,3,174,2088,False,False,False,True,monthly,True
S-1b09f1,A-ac14bb,2023-12-07,,Pro,62,5249,62988,False,False,False,False,monthly,True
S-60be08,A-ac14bb,2023-10-26,,Pro,26,1500,18000,False,False,True,False,annual,True
S-c072e8,A-ac14bb,2024-01-10,,Enterprise,83,15945,191340,False,False,False,False,monthly,True
S-8fc5a4,A-463db0,2024-12-09,,Basic,13,618,7416,False,True,False,False,monthly,True
S-8cff7e,A-ce66f8,2024-09-13,,Pro,51,0,0,True,False,False,False,monthly,False
S-e801ad,A-c4ea60,2023-05-29,,Pro,44,2990,35880,False,False,False,False,monthly,True
S-e3ed75,A-c4ea60,2023-10-20,,Basic,10,411,4932,False,False,False,False,annual,True
S-7ac251,A-832ec2,2024-02-15,,Enterprise,27,5486,65832,False,False,False,False,annual,True
S-e64317,A-684255,2024-04-30,,Enterprise,23,0,0,True,False,False,False,monthly,True
S-c56a5b,A-684255,2024-07-09,,Pro,10,593,7116,False,False,False,False,monthly,True
S-57fd96,A-684255,2024-05-29,,Basic,38,1590,19080,False,False,False,False,monthly,True
S-f7596e,A-c42f1f,2024-10-30,,Basic,30,1129,13548,False,False,False,False,monthly,False
S-306f0c,A-c42f1f,2024-07-31,,Enterprise,36,0,0,True,True,False,False,annual,True
S-0872b2,A-4e44e8,2024-09-22,,Pro,32,2552,30624,False,False,False,False,monthly,True
S-68807a,A-4e44e8,2024-09-30,,Pro,43,2641,31692,False,False,True,False,annual,True
S-8bc2ce,A-4e44e8,2024-09-01,,Basic,7,234,2808,False,False,False,False,annual,True
S-dd3a7f,A-30b4ca,2024-09-16,,Pro,45,2572,30864,False,False,False,False,annual,True
S-d2fb87,A-30b4ca,2024-09-18,,Enterprise,31,4367,52404,False,False,False,False,monthly,True
S-7cc8f3,A-9f2731,2024-11-02,,Enterprise,33,6862,82344,False,False,False,False,monthly,True
S-6927da,A-9f2731,2024-11-29,,Enterprise,21,4159,49908,False,False,False,False,monthly,True
S-b22750,A-32fb14,2023-04-01,,Basic,36,1512,18144,False,False,True,False,monthly,True
S-8cb1c6,A-32fb14,2023-09-01,,Basic,27,805,9660,False,False,False,False,monthly,True
S-273abb,A-00cac8,2023-11-12,,Enterprise,17,0,0,True,False,False,False,monthly,True
S-157f8a,A-00cac8,2023-11-13,,Basic,31,1212,14544,False,False,False,False,monthly,False
S-54cd08,A-35083d,2024-03-15,,Pro,67,4199,50388,False,False,False,False,monthly,True
S-c2a789,A-35083d,2023-06-26,,Basic,55,2164,25968,False,False,False,False,annual,True
S-d135c9,A-eb7fac,2024-01-14,,Pro,16,1293,15516,False,True,False,False,monthly,True
S-30f206,A-eb7fac,2023-11-17,,Basic,13,469,5628,False,False,False,False,annual,False
S-84216f,A-b20d99,2023-11-05,,Pro,7,0,0,True,False,False,False,annual,False
S-293a03,A-396e5f,2024-10-09,,Pro,37,2696,32352,False,False,False,False,annual,True
S-0ab274,A-396e5f,2024-10-06,,Pro,47,3657,43884,False,False,False,False,annual,True
S-00faa4,A-45ce7a,2023-08-05,2023-12-11,Basic,44,1317,15804,False,True,False,True,annual,True
S-4c7178,A-08e34e,2024-08-08,,Basic,16,0,0,True,True,False,False,annual,True
S-98d39e,A-08e34e,2024-08-06,,Pro,59,0,0,True,False,False,False,annual,False
S-ffb1f0,A-08e34e,2024-07-06,,Enterprise,22,2753,33036,False,False,False,False,monthly,True
S-87acb3,A-8145a0,2023-10-07,2024-05-16,Pro,8,498,5976,False,False,False,True,monthly,True
S-cc0a28,A-8145a0,2023-07-17,2024-05-17,Basic,14,559,6708,False,False,False,True,monthly,False
S-354dec,A-8145a0,2023-10-07,,Basic,8,297,3564,False,False,False,False,annual,True
S-b52964,A-8145a0,2023-10-08,2024-05-13,Basic,35,0,0,True,True,False,True,annual,True
S-32d5ea,A-bad8c1,2023-06-13,,Basic,31,1464,17568,False,False,False,False,annual,True
S-2161fe,A-bad8c1,2023-07-31,,Enterprise,35,7361,88332,False,False,False,False,annual,True
S-a4da5e,A-bad8c1,2023-04-24,,Pro,4,0,0,True,False,False,False,monthly,False
S-39be24,A-44dc83,2024-05-13,,Pro,54,4204,50448,False,False,False,False,monthly,False
S-d7cc45,A-44dc83,2024-05-28,,Enterprise,6,1119,13428,False,False,False,False,annual,True
S-70c1ec,A-f446b6,2023-08-19,,Enterprise,31,5820,69840,False,False,True,False,monthly,True
S-51c736,A-f446b6,2023-06-26,,Basic,16,689,8268,False,False,False,False,monthly,True
S-eba82f,A-f446b6,2023-06-20,2024-06-21,Pro,40,3115,37380,False,False,False,True,monthly,True
S-b8b5bf,A-f446b6,2023-05-28,,Enterprise,12,0,0,True,True,False,False,monthly,False
S-50bddf,A-a45270,2024-08-28,2024-11-21,Basic,150,6577,78924,False,False,False,True,monthly,False
S-5e39ee,A-854864,2024-12-19,,Basic,3,130,1560,False,False,False,False,annual,True
S-987de3,A-1b7577,2024-11-01,,Basic,54,2495,29940,False,False,False,False,monthly,True
S-2dc178,A-1b7577,2024-12-02,,Pro,23,1550,18600,False,False,False,False,monthly,True
S-0af3c1,A-05f0e5,2024-03-17,,Basic,16,557,6684,False,False,False,False,annual,True
S-39eeef,A-9077b0,2024-10-14,,Basic,29,1224,14688,False,False,False,False,annual,True
S-c52d28,A-7f8241,2023-10-09,,Pro,37,2122,25464,False,True,False,False,annual,True
S-c0e435,A-2bc93d,2024-03-25,,Pro,112,9046,108552,False,False,False,False,annual,True
S-772373,A-2bc93d,2023-12-10,,Basic,19,870,10440,False,True,False,False,monthly,True
S-ae00a0,A-f3ff05,2024-11-04,,Enterprise,43,8505,102060,False,False,False,False,annual,True
S-a779e2,A-f3ff05,2024-10-21,,Enterprise,35,6565,78780,False,True,False,False,monthly,True
S-2b0676,A-f3ff05,2024-07-17,,Enterprise,24,4867,58404,False,False,False,False,monthly,False
S-8140fd,A-f3ff05,2024-10-18,,Enterprise,21,3410,40920,False,False,True,False,annual,True
S-404fca,A-f3ff05,2024-07-22,,Pro,11,711,8532,False,False,False,False,annual,True
S-e28c06,A-2d4502,2024-07-22,,Enterprise,8,1089,13068,False,False,True,False,annual,True
S-523f81,A-2d4502,2024-08-04,,Enterprise,42,5515,66180,False,False,False,False,monthly,True
S-a9668e,A-2d4502,2024-07-03,,Pro,41,0,0,True,False,False,False,monthly,True
S-c63132,A-6a4e2d,2024-06-23,,Basic,83,0,0,True,False,False,False,annual,False
S-c90e2a,A-6a4e2d,2023-06-10,,Basic,15,448,5376,False,False,False,False,monthly,True
S-098e97,A-6a4e2d,2023-12-19,,Basic,30,974,11688,False,False,False,False,annual,True
S-8a6b8f,A-6a4e2d,2023-07-17,,Enterprise,10,1621,19452,False,True,False,False,annual,True
S-3bdbf6,A-eb7c38,2024-05-26,,Pro,4,336,4032,False,False,False,False,monthly,True
S-8252cc,A-eb7c38,2024-07-23,,Pro,19,1617,19404,False,False,False,False,annual,True
S-3c5bfd,A-eb7c38,2024-05-19,,Pro,13,1245,14940,False,False,False,False,monthly,True
S-221d82,A-c37601,2024-11-14,,Basic,35,1388,16656,False,False,False,False,monthly,True
S-989a26,A-c37601,2024-11-22,,Pro,11,1017,12204,False,False,False,False,monthly,True
S-be39f9,A-c37601,2024-11-11,,Pro,7,436,5232,False,False,False,False,monthly,False
S-390790,A-3b5cd1,2023-10-03,,Enterprise,20,2920,35040,False,False,False,False,monthly,True
S-3fa731,A-3b5cd1,2024-08-03,2024-09-16,Basic,87,2526,30312,False,False,False,True,annual,True
S-682c60,A-3b5cd1,2024-02-11,,Basic,5,244,2928,False,False,False,False,annual,True
S-2d553c,A-3b5cd1,2024-04-20,,Pro,14,1062,12744,False,True,False,False,annual,True
S-d3b72c,A-b2225d,2024-09-21,,Enterprise,30,5160,61920,False,False,False,False,monthly,True
S-1d0533,A-b2225d,2024-11-19,,Enterprise,74,12091,145092,False,False,False,False,monthly,True
S-7c68f7,A-b2225d,2024-07-19,,Enterprise,29,4336,52032,False,False,False,False,annual,True
S-c6142e,A-b2225d,2024-05-04,,Basic,13,465,5580,False,False,False,False,monthly,True
S-0d2281,A-94f8c9,2024-08-21,,Enterprise,29,5893,70716,False,False,False,False,annual,True
S-1c0911,A-94f8c9,2024-05-29,,Basic,46,0,0,True,False,False,False,annual,True
S-a60af8,A-02fac6,2023-07-01,,Basic,24,1047,12564,False,False,True,False,monthly,False
S-6d597b,A-02fac6,2023-05-05,2023-12-29,Basic,47,2018,24216,False,True,False,True,monthly,False
S-876470,A-02fac6,2023-04-13,2023-12-30,Pro,32,2556,30672,False,False,False,True,annual,True
S-515504,A-c1dfe1,2023-10-08,2024-03-31,Basic,7,311,3732,False,False,False,True,annual,True
S-af9baf,A-c1dfe1,2023-10-20,,Enterprise,20,2928,35136,False,False,False,False,annual,False
S-f17ee8,A-32728c,2023-05-19,,Basic,84,3919,47028,False,False,False,False,annual,False
S-7078a8,A-32728c,2023-05-05,2024-02-24,Enterprise,29,0,0,True,False,False,True,annual,True
S-3f3684,A-32728c,2023-01-16,,Basic,39,1580,18960,False,False,False,False,monthly,True
S-193ec6,A-32728c,2023-02-23,2024-02-26,Basic,44,0,0,True,True,False,True,annual,True
S-7f0602,A-32728c,2023-01-27,2024-02-23,Basic,70,0,0,True,False,False,True,monthly,False
S-e1fcab,A-4c38bc,2024-06-17,,Pro,8,522,6264,False,False,True,False,annual,True
S-215c42,A-4c38bc,2024-04-19,,Pro,7,585,7020,False,False,False,False,annual,True
S-ca86cb,A-4c38bc,2024-05-26,,Pro,46,4350,52200,False,False,False,False,monthly,False
S-52d26e,A-4c38bc,2024-04-23,,Pro,24,2117,25404,False,False,False,False,monthly,True
S-6d7b94,A-1b707d,2023-10-05,2024-05-06,Enterprise,52,6947,83364,False,False,False,True,annual,True
S-e77aed,A-1b707d,2023-09-14,,Basic,19,0,0,True,False,True,False,annual,False
S-635446,A-6f8ad2,2024-09-02,,Pro,40,0,0,True,True,False,False,annual,True
S-08d616,A-4d1e75,2024-09-30,,Basic,21,1033,12396,False,False,False,False,annual,True
S-5944b2,A-9ee962,2024-04-09,,Basic,2,91,1092,False,False,False,False,monthly,True
S-e4d156,A-9ee962,2023-10-04,,Pro,33,2719,32628,False,False,False,False,monthly,True
S-713ee7,A-9ee962,2023-07-10,,Pro,38,2815,33780,False,False,False,False,annual,True
S-14fedd,A-9ee962,2024-06-07,,Pro,8,641,7692,False,False,False,False,annual,True
S-b9ca5a,A-9ee962,2023-07-22,,Pro,22,0,0,True,False,False,False,annual,True
S-4a672f,A-378b99,2024-09-12,2024-10-22,Basic,10,451,5412,False,True,False,True,monthly,True
S-b177ec,A-378b99,2024-10-07,,Pro,17,1481,17772,False,False,False,False,annual,True
S-e72b3a,A-94d3da,2023-12-02,,Pro,20,1497,17964,False,False,False,False,monthly,True
S-651cb5,A-94d3da,2023-05-22,2024-10-23,Pro,23,1333,15996,False,False,False,True,annual,True
S-bfbf76,A-e351e1,2024-12-07,,Pro,20,1239,14868,False,False,False,False,annual,True
S-da9afa,A-e351e1,2024-10-06,,Enterprise,20,2667,32004,False,False,False,False,monthly,True
S-d0b514,A-9badbd,2024-08-06,,Pro,17,1372,16464,False,False,False,False,annual,True
S-dd4365,A-9badbd,2024-07-12,,Enterprise,21,3976,47712,False,False,False,False,monthly,True
S-7c521a,A-9badbd,2024-08-09,,Enterprise,18,2609,31308,False,False,False,False,annual,True
S-33c1a0,A-9badbd,2024-06-30,,Pro,17,1415,16980,False,False,False,False,monthly,True
S-fbda6f,A-9badbd,2024-07-06,,Basic,17,818,9816,False,False,False,False,annual,True
S-c19847,A-7e0a10,2024-05-03,2024-07-16,Basic,53,2560,30720,False,False,False,True,monthly,True
S-f1eb14,A-7e0a10,2024-01-17,,Pro,6,514,6168,False,False,False,False,monthly,True
S-db12e2,A-7e0a10,2024-02-26,2024-07-22,Pro,12,1111,13332,False,False,False,True,annual,True
S-9f20df,A-118d55,2024-12-02,,Basic,77,3155,37860,False,False,False,False,annual,True
S-830ece,A-118d55,2024-10-29,,Pro,8,623,7476,False,False,False,False,annual,True
S-c676b1,A-118d55,2024-11-06,,Basic,83,2993,35916,False,True,False,False,annual,True
S-0f50a6,A-526d93,2024-06-08,,Basic,32,1312,15744,False,False,True,False,monthly,True
S-3679ee,A-f92792,2024-07-17,,Pro,55,5071,60852,False,False,False,False,annual,False
S-d7829a,A-f92792,2024-08-19,,Enterprise,23,4866,58392,False,False,True,False,annual,True
S-e0d81f,A-f92792,2024-08-19,,Pro,17,1089,13068,False,True,False,False,annual,True
S-763114,A-f92792,2024-08-07,,Basic,39,1423,17076,False,False,False,False,monthly,True
S-479fc7,A-84ebe4,2023-06-04,,Basic,43,1237,14844,False,False,False,False,annual,True
S-e86360,A-84ebe4,2023-05-16,,Basic,26,865,10380,False,False,False,False,annual,False
S-2f3919,A-5b4ebb,2024-07-10,,Basic,15,607,7284,False,False,False,False,monthly,True
S-f720c1,A-5b4ebb,2024-07-17,2024-07-18,Basic,10,294,3528,False,False,False,True,annual,True
S-5d8dda,A-5b4ebb,2024-07-12,2024-07-19,Pro,12,861,10332,False,False,False,True,annual,False
S-e034e9,A-2922b6,2024-12-03,,Pro,24,1993,23916,False,False,False,False,monthly,False
S-43cd05,A-2922b6,2024-11-29,,Enterprise,52,9271,111252,False,False,False,False,annual,False
S-83bcdc,A-9b9fe9,2023-10-10,2023-11-12,Pro,9,762,9144,False,False,True,True,annual,True
S-d545da,A-9b9fe9,2023-10-05,2023-11-11,Enterprise,11,1797,21564,False,False,False,True,monthly,True
S-5b340f,A-9b9fe9,2023-09-29,2023-11-13,Basic,14,679,8148,False,False,False,True,monthly,False
S-3c10a1,A-a8b49c,2024-05-12,,Basic,21,944,11328,False,True,False,False,annual,False
S-259025,A-9174e0,2024-12-21,,Pro,27,0,0,True,False,False,False,monthly,True
S-b14344,A-9174e0,2024-12-26,,Enterprise,66,13238,158856,False,False,False,False,monthly,True
S-a1f3fb,A-9174e0,2024-12-09,,Pro,55,3162,37944,False,True,False,False,annual,True
S-54ff90,A-a1bbb6,2024-02-19,,Basic,24,1115,13380,False,False,True,False,annual,True
S-e70c05,A-a1bbb6,2023-06-13,,Enterprise,50,0,0,True,False,False,False,annual,True
S-16c22f,A-a1bbb6,2023-12-11,,Basic,28,844,10128,False,False,False,False,annual,True
S-2194f2,A-c45b23,2024-03-04,,Basic,27,997,11964,False,False,False,False,annual,True
S-9eb032,A-c45b23,2023-12-30,,Pro,17,1613,19356,False,False,False,False,annual,True
S-e30642,A-02cd81,2024-04-26,,Pro,23,1543,18516,False,False,True,False,monthly,True
S-7e3fa6,A-02cd81,2024-05-14,2024-06-16,Basic,68,2484,29808,False,False,False,True,annual,True
S-a5330a,A-ee42db,2023-08-30,2024-08-28,Enterprise,16,3200,38400,False,False,False,True,monthly,True
S-1301e0,A-ee42db,2023-09-18,,Pro,16,0,0,True,True,False,False,monthly,True
S-952415,A-ee42db,2023-11-03,,Enterprise,18,3861,46332,False,False,False,False,annual,True
S-d9cbe1,A-ee42db,2023-07-29,2024-08-22,Pro,47,2791,33492,False,False,False,True,monthly,True
S-268c11,A-432483,2023-10-30,,Enterprise,35,6235,74820,False,False,False,False,monthly,True
S-c863bc,A-9208f0,2023-10-01,2024-06-30,Enterprise,26,3581,42972,False,False,False,True,monthly,True
S-00ce3b,A-98a59a,2024-04-16,,Enterprise,35,4692,56304,False,True,False,False,annual,True
S-d122cc,A-98a59a,2024-08-12,,Enterprise,68,10596,127152,False,False,False,False,monthly,True
S-22aec2,A-fe79a5,2024-03-22,2024-08-19,Basic,15,0,0,True,False,False,True,monthly,False
S-613959,A-fe79a5,2024-03-06,2024-08-20,Pro,16,1011,12132,False,False,False,True,annual,False
S-49a305,A-726cfa,2024-02-01,,Pro,54,4475,53700,False,False,True,False,monthly,True
S-024540,A-726cfa,2023-11-24,2024-03-12,Enterprise,26,0,0,True,False,True,True,monthly,True
S-2eb705,A-726cfa,2023-07-02,,Pro,18,1223,14676,False,True,True,False,annual,True
S-ecc360,A-c43359,2024-11-26,,Basic,6,286,3432,False,False,False,False,annual,True
S-d1949d,A-c43359,2024-11-21,,Pro,41,2290,27480,False,True,False,False,monthly,True
S-50a820,A-c43359,2024-11-22,,Pro,28,2055,24660,False,False,False,False,annual,False
S-891972,A-271f46,2023-07-20,,Enterprise,7,1436,17232,False,False,False,False,annual,True
S-9a2a39,A-271f46,2023-04-25,,Pro,51,4338,52056,False,False,False,False,monthly,False
S-de451f,A-271f46,2023-04-06,2024-01-26,Basic,9,423,5076,False,False,True,True,annual,True
S-5ce7b7,A-271f46,2023-07-09,2024-01-19,Basic,15,447,5364,False,False,False,True,annual,False
S-93d1ae,A-157070,2024-03-10,,Basic,14,590,7080,False,False,False,False,monthly,True
S-ccafd4,A-40a557,2024-03-26,,Pro,48,4547,54564,False,False,False,False,monthly,False
S-964d02,A-40a557,2024-02-28,,Pro,2,0,0,True,False,False,False,annual,True
S-138ffe,A-40a557,2023-12-26,,Basic,28,1048,12576,False,False,False,False,annual,True
S-c7c4a0,A-66224b,2024-10-31,,Basic,38,1431,17172,False,False,False,False,annual,True
S-efb24b,A-66224b,2024-11-09,,Basic,17,570,6840,False,False,False,False,monthly,True
S-786d27,A-91e948,2023-06-03,,Enterprise,67,10041,120492,False,False,False,False,annual,True
S-3b442d,A-91e948,2023-03-12,,Pro,39,2569,30828,False,False,False,False,monthly,True
S-3def5a,A-104f1a,2024-11-22,,Enterprise,41,8324,99888,False,False,False,False,monthly,True
S-d113f1,A-104f1a,2024-08-27,,Enterprise,30,5075,60900,False,False,False,False,monthly,True
S-cde88b,A-104f1a,2024-09-21,,Enterprise,5,930,11160,False,True,False,False,monthly,False
S-ac5e63,A-104f1a,2024-09-24,,Basic,21,799,9588,False,False,False,False,annual,True
S-c90209,A-104f1a,2024-09-29,,Basic,7,0,0,True,False,False,False,annual,True
S-d51db8,A-7988d1,2023-12-29,,Pro,9,604,7248,False,False,False,False,annual,True
S-3a5340,A-7988d1,2024-07-13,,Basic,29,850,10200,False,False,False,False,monthly,True
S-7cdbef,A-7988d1,2024-02-23,,Basic,22,684,8208,False,False,False,False,monthly,False
S-365ade,A-faa28c,2024-02-10,,Basic,55,2183,26196,False,False,False,False,annual,True
S-181579,A-f25509,2024-03-31,2024-07-05,Pro,65,4104,49248,False,False,False,True,annual,True
S-cf5811,A-f25509,2024-05-28,2024-06-30,Enterprise,21,3415,40980,False,False,False,True,monthly,True
S-fff4a3,A-3a7284,2024-11-21,,Pro,2,136,1632,False,False,False,False,monthly,True
S-a7e5aa,A-3a5ad8,2024-10-17,,Enterprise,19,3481,41772,False,False,False,False,annual,True
S-c0773c,A-3a5ad8,2024-05-19,,Basic,23,733,8796,False,True,False,False,monthly,False
S-d1ad4a,A-65a46c,2024-01-09,2024-05-30,Enterprise,9,1476,17712,False,False,False,True,annual,False
S-90dc45,A-65a46c,2024-01-02,,Enterprise,39,0,0,True,False,True,False,monthly,True
S-cc1592,A-65a46c,2023-11-12,2024-05-31,Enterprise,10,2000,24000,False,False,False,True,monthly,False
S-f3d1e0,A-8b25f2,2024-04-01,2024-05-27,Basic,21,706,8472,False,False,False,True,annual,False
S-a571a9,A-fabe19,2024-12-06,,Enterprise,21,0,0,True,False,True,False,monthly,True
S-578b80,A-fabe19,2024-12-01,,Pro,25,2340,28080,False,False,False,False,annual,True
S-856553,A-adc1f3,2024-08-19,,Basic,24,0,0,True,False,False,False,monthly,True
S-5b3c79,A-adc1f3,2024-08-22,,Enterprise,5,654,7848,False,False,False,False,monthly,True
S-13ed1e,A-adc1f3,2024-11-23,,Basic,88,2650,31800,False,False,False,False,monthly,False
S-d232dd,A-503d5a,2024-04-19,,Pro,14,1192,14304,False,False,False,False,monthly,True
S-b4edd5,A-503d5a,2023-11-03,,Basic,15,646,7752,False,False,False,False,annual,True
S-ba2989,A-503d5a,2024-03-04,,Basic,22,746,8952,False,False,False,False,monthly,True
S-5ae9dc,A-fd7ad3,2024-11-10,,Pro,21,1910,22920,False,False,False,False,annual,True
S-5baf52,A-186a44,2024-04-02,,Enterprise,69,12859,154308,False,False,False,False,annual,True
S-aa9b80,A-e888d1,2023-05-24,2023-09-30,Pro,18,1273,15276,False,False,False,True,monthly,True
S-e43dc8,A-e888d1,2023-05-18,,Basic,56,0,0,True,False,False,False,monthly,True
S-b14365,A-69fad4,2023-04-27,,Enterprise,38,4919,59028,False,False,False,False,monthly,True
S-1b96e5,A-69fad4,2023-09-06,,Basic,36,1519,18228,False,False,False,False,annual,False
S-1d2179,A-9289f6,2023-07-25,,Basic,32,1543,18516,False,False,True,False,monthly,True
S-4d4fa2,A-f19409,2023-05-21,2024-06-15,Basic,17,686,8232,False,False,True,True,annual,False
S-61da6a,A-f19409,2023-03-29,2024-06-15,Pro,6,510,6120,False,False,False,True,monthly,True
S-99654c,A-22f2df,2024-12-14,,Basic,34,1147,13764,False,True,False,False,annual,True
S-77b8f3,A-22f2df,2024-12-16,,Pro,57,4240,50880,False,False,True,False,monthly,False
S-068daf,A-039727,2024-11-17,,Basic,16,558,6696,False,True,True,False,annual,True
S-18d84c,A-039727,2024-11-21,,Enterprise,13,1703,20436,False,False,False,False,monthly,True
S-d48c20,A-039727,2024-11-16,,Pro,49,3970,47640,False,False,True,False,annual,True
S-bc29bf,A-039727,2024-11-06,,Pro,4,250,3000,False,False,False,False,annual,True
S-c39b42,A-039727,2024-12-08,,Pro,13,1058,12696,False,False,False,False,monthly,False
S-6b89af,A-2e3bad,2023-12-03,,Pro,8,628,7536,False,False,False,False,monthly,True
S-a262cf,A-2e3bad,2024-03-12,,Enterprise,26,5186,62232,False,False,False,False,annual,True
S-c3b044,A-484819,2023-03-30,2023-05-03,Basic,7,248,2976,False,False,True,True,annual,False
S-7560d6,A-484819,2023-04-08,,Enterprise,14,0,0,True,False,False,False,monthly,False
S-c0da3c,A-484819,2023-03-01,2023-04-30,Basic,10,290,3480,False,False,True,True,monthly,False
S-bbdf24,A-425e76,2023-08-10,,Enterprise,28,5131,61572,False,False,False,False,monthly,True
S-011b90,A-e83938,2024-01-22,2024-03-29,Pro,35,3073,36876,False,True,False,True,monthly,True
S-613081,A-e83938,2024-01-05,,Enterprise,41,5844,70128,False,False,False,False,annual,False
S-ceddce,A-ad296b,2024-09-12,,Enterprise,17,2535,30420,False,False,False,False,monthly,False
S-e394d0,A-e51ec7,2023-11-01,2024-03-26,Enterprise,14,0,0,True,False,False,True,annual,True
S-66d4e7,A-e51ec7,2023-11-16,2024-03-24,Basic,12,400,4800,False,False,False,True,monthly,True
S-a8644a,A-0aaf6e,2024-10-09,,Enterprise,48,9421,113052,False,False,False,False,annual,True
S-5d230d,A-e61e98,2024-06-18,,Enterprise,46,8314,99768,False,False,False,False,annual,True
S-600ee4,A-92a333,2023-09-12,,Pro,16,1124,13488,False,False,False,False,annual,True
S-a4db7e,A-95b24a,2023-12-28,2024-04-10,Pro,20,1547,18564,False,False,False,True,monthly,True
S-3f4ed9,A-42e5e1,2024-08-18,,Pro,4,315,3780,False,False,False,False,annual,True
S-1cbd33,A-42e5e1,2024-08-28,,Basic,18,704,8448,False,False,True,False,monthly,True
S-55027f,A-42e5e1,2024-09-04,,Basic,45,1585,19020,False,False,False,False,annual,True
S-23d01e,A-7d514c,2024-05-08,,Basic,51,1907,22884,False,False,False,False,monthly,False
S-4406ff,A-7d514c,2024-05-06,,Enterprise,41,5752,69024,False,False,False,False,annual,False
S-aaab83,A-65aeb5,2024-04-15,,Basic,25,729,8748,False,True,False,False,monthly,True
S-de21c0,A-65aeb5,2024-02-26,,Basic,40,1316,15792,False,False,False,False,monthly,True
S-cf0c24,A-65aeb5,2024-03-28,,Enterprise,5,0,0,True,True,True,False,annual,True
S-8a114a,A-e2cd1b,2024-05-15,,Basic,17,619,7428,False,False,False,False,monthly,True
S-642fbf,A-e2cd1b,2024-05-02,,Basic,88,3785,45420,False,False,False,False,monthly,True
S-7da878,A-180abf,2024-03-03,,Basic,19,582,6984,False,False,False,False,annual,True
S-6a7fe7,A-180abf,2024-03-09,,Enterprise,27,3781,45372,False,False,False,False,annual,False
S-6ca3da,A-180abf,2024-01-12,,Basic,3,137,1644,False,False,False,False,annual,True
S-9c3c1c,A-f17767,2023-04-05,,Basic,21,942,11304,False,False,True,False,annual,True
S-99b4c0,A-f17767,2023-03-13,,Enterprise,18,3273,39276,False,False,False,False,annual,True
S-bc0bc8,A-5a184f,2023-11-29,,Pro,21,1790,21480,False,False,False,False,monthly,True
S-90ffc0,A-7df7a7,2023-06-08,,Enterprise,3,0,0,True,False,False,False,annual,True
S-6dae9b,A-7df7a7,2024-06-07,,Pro,8,0,0,True,False,False,False,annual,True
S-5d8c34,A-1ac5e0,2024-11-12,,Basic,7,292,3504,False,True,False,False,annual,True
S-1ab469,A-1ac5e0,2024-11-03,,Enterprise,100,0,0,True,False,False,False,monthly,True
S-c472cd,A-52dd88,2023-05-02,,Pro,56,3948,47376,False,False,False,False,monthly,True
S-bdcd63,A-52dd88,2023-11-29,,Pro,55,4038,48456,False,False,False,False,monthly,False
S-f06bca,A-52dd88,2024-05-31,,Enterprise,59,0,0,True,False,False,False,monthly,True
S-7e32a5,A-52dd88,2023-09-10,,Enterprise,15,2538,30456,False,False,False,False,annual,True
S-774f6a,A-bece89,2024-06-20,,Enterprise,13,2205,26460,False,False,False,False,monthly,True
S-2ff1a9,A-bece89,2024-03-18,,Basic,27,1070,12840,False,False,False,False,annual,False
S-2ccd9b,A-bece89,2024-03-31,,Enterprise,34,5529,66348,False,False,False,False,annual,True
S-bc9b09,A-029f69,2024-07-25,,Enterprise,56,7094,85128,False,False,False,False,annual,False
S-36c1c4,A-029f69,2024-08-28,,Enterprise,16,2685,32220,False,False,False,False,monthly,False
S-cc03c5,A-029f69,2024-03-13,,Enterprise,42,7334,88008,False,False,True,False,monthly,True
S-70b147,A-029f69,2024-10-22,,Pro,5,0,0,True,False,False,False,annual,False
S-c7f843,A-5c046d,2024-07-06,,Enterprise,8,1428,17136,False,False,False,False,monthly,True
S-c79549,A-5c046d,2024-10-02,,Basic,62,0,0,True,False,False,False,monthly,True
S-4fbd40,A-5c046d,2024-08-06,,Pro,12,730,8760,False,False,False,False,monthly,True
S-0dda93,A-fb186e,2024-11-04,,Enterprise,41,6745,80940,False,False,False,False,monthly,False
S-c8908b,A-fb186e,2024-10-27,,Pro,2,189,2268,False,False,False,False,monthly,False
S-c20d47,A-ae052e,2024-05-08,,Pro,46,3482,41784,False,False,False,False,annual,True
S-a7fd63,A-ae052e,2023-09-28,,Basic,4,0,0,True,False,False,False,monthly,True
S-fbc772,A-9f9299,2024-06-26,,Basic,59,2287,27444,False,False,False,False,monthly,True
S-682a9d,A-9f9299,2023-12-12,2024-06-27,Enterprise,5,970,11640,False,False,True,True,annual,True
S-036e3f,A-9f9299,2023-09-12,,Pro,2,132,1584,False,False,False,False,monthly,True
S-f1547e,A-9f9299,2023-09-03,,Pro,17,1232,14784,False,False,False,False,monthly,False
S-6a295e,A-96e141,2023-09-25,2024-06-07,Enterprise,14,2156,25872,False,False,True,True,annual,False
S-c39567,A-117171,2024-10-15,,Enterprise,93,17275,207300,False,False,False,False,monthly,True
S-d403d4,A-117171,2024-09-25,,Pro,77,5348,64176,False,False,False,False,annual,False
S-06ddfa,A-117171,2024-09-30,,Basic,13,0,0,True,False,False,False,annual,False
S-dc0687,A-313be3,2024-01-08,,Basic,51,2440,29280,False,False,False,False,monthly,True
S-df8153,A-671f31,2024-12-12,,Pro,16,0,0,True,False,False,False,annual,True
S-731272,A-bbc346,2024-10-04,,Basic,52,1854,22248,False,False,False,False,annual,True
S-04aa6a,A-c16101,2024-09-23,,Basic,6,0,0,True,False,False,False,monthly,True
S-3b02e7,A-50f3f7,2024-01-02,,Pro,33,2568,30816,False,True,False,False,annual,True
S-86abc3,A-7da956,2024-07-14,,Pro,21,1462,17544,False,False,False,False,annual,True
S-ac66a9,A-019782,2023-05-04,,Pro,26,2307,27684,False,True,False,False,annual,False
S-4f893a,A-019782,2023-05-05,2023-05-12,Basic,11,527,6324,False,False,False,True,monthly,False
S-eb8a30,A-df10db,2023-08-25,2024-01-30,Pro,51,4217,50604,False,False,False,True,annual,True
S-a21c6d,A-df10db,2023-06-07,,Pro,6,568,6816,False,False,False,False,annual,True
S-d1c5b0,A-df10db,2023-11-01,2024-01-28,Basic,24,1102,13224,False,False,False,True,annual,True
S-7a7800,A-3932db,2023-12-28,2024-06-16,Enterprise,8,1195,14340,False,False,False,True,annual,True
S-96950b,A-4f18f0,2024-06-13,2024-08-29,Basic,38,1780,21360,False,False,False,True,monthly,False
S-2c0e4e,A-4c6f11,2024-06-11,,Basic,44,1757,21084,False,False,False,False,monthly,False
S-076273,A-4c6f11,2023-12-19,,Enterprise,34,6938,83256,False,True,True,False,monthly,True
S-653c8d,A-4c6f11,2024-02-10,,Pro,9,708,8496,False,False,False,False,monthly,True
S-d44f51,A-8ae05d,2024-07-10,2024-11-18,Pro,33,2674,32088,False,False,False,True,monthly,True
S-8f3a56,A-b78bf8,2024-11-17,,Enterprise,15,3023,36276,False,False,False,False,annual,True
S-7264d3,A-eafc6e,2023-12-01,,Pro,28,1685,20220,False,True,False,False,monthly,True
S-d0647c,A-eafc6e,2024-01-07,,Basic,12,482,5784,False,False,False,False,monthly,True
S-fb88ff,A-37f969,2023-12-13,,Basic,15,0,0,True,False,True,False,annual,True
S-c2443f,A-37f969,2024-05-24,,Basic,46,1924,23088,False,False,False,False,annual,True
S-2dc844,A-37f969,2024-01-05,,Pro,13,1001,12012,False,False,False,False,annual,False
S-aa89dc,A-10b8f2,2023-02-15,,Enterprise,16,3059,36708,False,False,False,False,annual,True
S-c41755,A-439b2f,2024-03-01,2024-09-09,Pro,21,1687,20244,False,True,True,True,annual,False
S-8ecab6,A-439b2f,2024-06-26,,Pro,11,912,10944,False,True,False,False,annual,True
S-86cf6b,A-439b2f,2024-03-20,,Enterprise,8,1713,20556,False,False,False,False,annual,True
S-06da83,A-544d0a,2024-05-25,,Pro,17,0,0,True,True,False,False,annual,True
S-cf6c96,A-544d0a,2024-05-09,,Basic,4,146,1752,False,False,False,False,monthly,True
S-586927,A-ba6516,2023-11-07,2023-11-11,Enterprise,17,3358,40296,False,True,False,True,monthly,False
S-bd494c,A-712426,2024-11-15,,Pro,13,854,10248,False,False,False,False,annual,True
S-5a6499,A-038089,2024-01-15,,Pro,39,3079,36948,False,False,False,False,annual,True
S-acad68,A-afa505,2024-03-05,,Basic,5,197,2364,False,False,False,False,monthly,True
S-792d88,A-afa505,2024-01-31,,Pro,49,4159,49908,False,False,False,False,annual,True
S-e779f4,A-afa505,2024-03-13,,Pro,1,64,768,False,False,False,False,monthly,False
S-21b0be,A-afa505,2024-03-26,,Basic,16,472,5664,False,False,False,False,annual,True
S-a2a703,A-d5a319,2023-05-16,2024-11-04,Pro,26,1628,19536,False,False,True,True,annual,True
S-b87c8f,A-d5a319,2023-11-20,,Basic,44,1728,20736,False,False,False,False,annual,True
S-0436e6,A-d5a319,2023-07-20,2024-10-31,Enterprise,58,10543,126516,False,False,False,True,monthly,True
S-516332,A-f97b9a,2023-11-28,2024-07-10,Basic,42,1636,19632,False,False,False,True,monthly,True
S-abb0e8,A-2f6a32,2024-10-02,,Pro,8,725,8700,False,False,False,False,annual,True
S-8e4817,A-2f6a32,2024-09-15,,Enterprise,45,7626,91512,False,False,False,False,annual,False
S-4292f3,A-856b1e,2024-06-16,,Pro,133,11645,139740,False,False,False,False,annual,True
S-176aa9,A-856b1e,2024-03-16,,Pro,55,3144,37728,False,True,False,False,annual,True
S-9ca27b,A-856b1e,2024-02-23,,Basic,24,821,9852,False,False,False,False,annual,False
S-4d7569,A-17939a,2024-12-26,,Pro,35,3103,37236,False,False,False,False,monthly,True
S-b4217e,A-17939a,2024-12-27,,Basic,8,0,0,True,False,False,False,annual,True
S-f88836,A-d27f50,2024-09-20,2024-12-08,Enterprise,4,0,0,True,False,True,True,annual,False
S-e931ce,A-e36807,2024-08-01,,Basic,50,0,0,True,False,False,False,monthly,True
S-16d426,A-e36807,2024-06-29,,Basic,36,1763,21156,False,False,False,False,monthly,True
S-67ff91,A-e36807,2024-06-15,,Enterprise,29,4338,52056,False,False,False,False,annual,True
S-420609,A-e36807,2024-07-17,,Enterprise,6,1255,15060,False,False,False,False,monthly,True
S-4b8f72,A-e36807,2024-05-27,2024-10-21,Pro,37,2055,24660,False,False,False,True,monthly,True
S-e4ccea,A-ff79f2,2024-06-23,,Pro,17,1096,13152,False,False,False,False,annual,False
S-867c90,A-ff79f2,2024-05-28,,Enterprise,60,8145,97740,False,False,False,False,annual,False
S-5e37d4,A-5b1bcd,2023-09-28,,Pro,3,0,0,True,False,False,False,annual,True
S-ac5e74,A-71615e,2024-06-01,,Enterprise,3,452,5424,False,False,False,False,annual,True
S-34935b,A-71615e,2024-08-16,,Basic,13,453,5436,False,False,False,False,annual,True
S-ea8b64,A-71615e,2024-10-30,,Basic,32,943,11316,False,False,False,False,annual,True
S-b2e6d1,A-71615e,2024-07-08,,Pro,30,2094,25128,False,False,False,False,annual,True
S-7658af,A-794a0b,2024-02-21,,Enterprise,20,2741,32892,False,False,False,False,monthly,False
S-d3f770,A-86902e,2023-05-21,2024-04-20,Enterprise,18,0,0,True,False,True,True,monthly,True
S-ae4d1f,A-86902e,2024-10-16,,Enterprise,39,7690,92280,False,False,False,False,annual,True
S-470e8f,A-86902e,2024-08-31,,Pro,22,0,0,True,False,False,False,monthly,True
S-50a290,A-0532a9,2024-10-30,,Enterprise,34,4436,53232,False,False,False,False,monthly,False
S-2aa22d,A-9779ad,2024-07-30,,Basic,65,2920,35040,False,False,False,False,annual,True
S-03f80e,A-9779ad,2024-04-16,,Basic,20,952,11424,False,False,False,False,monthly,True
S-5ba558,A-9779ad,2024-06-07,,Basic,13,467,5604,False,False,False,False,monthly,True
S-62ba9b,A-f45426,2024-08-19,,Basic,36,1401,16812,False,False,False,False,monthly,False
S-8eef11,A-f45426,2024-08-16,,Enterprise,34,6889,82668,False,False,False,False,monthly,True
S-7b3108,A-f45426,2024-08-26,,Pro,27,2386,28632,False,False,False,False,monthly,True
S-f7b03a,A-f45426,2024-08-09,,Pro,16,0,0,True,False,False,False,monthly,True
S-603cac,A-f45426,2024-09-02,,Enterprise,28,4900,58800,False,False,False,False,annual,True
S-5ee53f,A-c1e51e,2024-10-17,,Pro,18,1055,12660,False,False,False,False,annual,True
S-57e4e2,A-c1e51e,2024-10-23,,Enterprise,34,5817,69804,False,False,False,False,annual,True
S-4673ea,A-c1e51e,2024-10-05,,Basic,13,525,6300,False,False,False,False,annual,True
S-abaaab,A-fa3095,2023-09-18,2024-03-02,Basic,10,391,4692,False,False,True,True,annual,True
S-e3822f,A-fa3095,2023-11-30,2024-03-05,Basic,6,248,2976,False,False,False,True,monthly,True
S-7bb072,A-fa3095,2023-09-16,,Enterprise,36,5700,68400,False,True,False,False,annual,True
S-53a274,A-ad64c6,2024-03-06,,Enterprise,7,1201,14412,False,False,False,False,annual,True
S-fc54ba,A-39b19f,2024-06-26,,Basic,34,1376,16512,False,True,False,False,monthly,True
S-811a7d,A-56962b,2024-04-22,2024-07-02,Enterprise,17,2302,27624,False,False,False,True,monthly,True
S-02cfb0,A-56962b,2024-07-26,,Pro,37,2605,31260,False,False,False,False,annual,True
S-0e77f3,A-e60f9d,2024-09-12,,Basic,16,477,5724,False,False,False,False,annual,False
S-4ae520,A-88c6ca,2024-12-02,,Pro,59,3431,41172,False,False,False,False,annual,True
S-05873a,A-158f4e,2023-09-21,,Basic,20,815,9780,False,False,False,False,monthly,True
S-e3a8a0,A-158f4e,2023-03-25,,Pro,53,3667,44004,False,False,False,False,monthly,True
S-abadbf,A-158f4e,2023-08-25,,Pro,18,1598,19176,False,False,False,False,monthly,True
S-a7db89,A-5b051a,2024-10-22,,Pro,70,0,0,True,False,True,False,monthly,True
S-59727f,A-5b051a,2024-09-12,,Basic,20,936,11232,False,False,False,False,annual,True
S-5a646f,A-5b051a,2024-08-30,,Enterprise,22,3325,39900,False,False,False,False,monthly,True
S-1ad2ca,A-296d7c,2023-12-30,,Basic,85,2952,35424,False,True,False,False,annual,True
S-52f3fa,A-296d7c,2024-02-02,2024-10-01,Enterprise,34,5199,62388,False,False,False,True,annual,True
S-d40a58,A-296d7c,2023-12-25,2024-09-29,Basic,15,577,6924,False,False,False,True,annual,False
S-75b8aa,A-296d7c,2024-04-27,2024-09-25,Basic,10,483,5796,False,True,False,True,monthly,False
S-a5c3fc,A-1619f8,2024-06-23,,Pro,39,3729,44748,False,False,False,False,annual,True
S-82e8d0,A-1619f8,2024-06-03,,Enterprise,30,0,0,True,False,False,False,annual,True
S-54d719,A-a1b80b,2024-01-08,2024-06-29,Basic,41,1825,21900,False,True,False,True,monthly,True
S-27f660,A-a1b80b,2024-01-10,,Pro,12,792,9504,False,False,False,False,monthly,True
S-7fff51,A-a1b80b,2023-12-11,,Enterprise,21,3408,40896,False,False,False,False,monthly,True
S-331b8b,A-139c3b,2024-12-04,,Enterprise,35,6946,83352,False,False,False,False,annual,True
S-3b1bd4,A-139c3b,2024-12-17,,Pro,15,1123,13476,False,False,False,False,monthly,True
S-569816,A-139c3b,2024-12-12,,Basic,30,1462,17544,False,False,False,False,annual,True
S-89aa78,A-702032,2023-12-15,,Pro,43,2787,33444,False,False,False,False,annual,True
S-544713,A-702032,2024-04-09,,Basic,76,0,0,True,False,False,False,annual,True
S-167228,A-702032,2023-11-21,,Basic,38,1145,13740,False,False,False,False,annual,True
S-3d27c1,A-702032,2023-12-27,,Enterprise,14,2376,28512,False,False,False,False,annual,True
S-778e96,A-7a0d69,2024-06-30,2024-10-04,Pro,22,1710,20520,False,False,True,True,annual,True
S-694a60,A-22d9d2,2024-06-13,,Pro,6,523,6276,False,False,False,False,annual,False
S-845524,A-22d9d2,2024-03-23,,Basic,10,382,4584,False,False,False,False,monthly,True
S-e5b61d,A-b9eed8,2024-05-19,,Basic,44,0,0,True,False,False,False,annual,True
S-e32e1e,A-dfbd31,2024-02-12,,Enterprise,25,4721,56652,False,False,False,False,annual,True
S-2de331,A-dfbd31,2024-02-07,,Enterprise,23,0,0,True,False,False,False,annual,True
S-c5a983,A-dfbd31,2024-05-20,,Enterprise,57,8142,97704,False,False,False,False,annual,True
S-5816b6,A-8e47ca,2024-04-18,,Basic,15,596,7152,False,False,False,False,monthly,False
S-6d8b0e,A-8e47ca,2024-05-13,,Pro,32,2468,29616,False,False,False,False,monthly,True
S-cdb889,A-8e47ca,2024-03-05,,Pro,78,7018,84216,False,False,False,False,annual,True
S-7b5c57,A-8e47ca,2024-06-05,,Enterprise,5,772,9264,False,False,False,False,monthly,False
S-1ea30d,A-8e47ca,2024-07-01,,Basic,32,1557,18684,False,True,False,False,annual,True
S-070b36,A-4437e4,2023-11-19,2024-01-22,Pro,7,518,6216,False,False,False,True,monthly,True
S-95a865,A-4437e4,2023-11-29,2024-01-16,Pro,26,2366,28392,False,False,False,True,monthly,True
S-659c90,A-779e4e,2023-05-04,,Basic,18,675,8100,False,False,False,False,annual,False
S-dcd0d7,A-779e4e,2023-02-03,,Pro,87,7259,87108,False,False,False,False,annual,True
S-dce18b,A-779e4e,2023-06-15,,Basic,20,0,0,True,False,False,False,monthly,True
S-9cb03a,A-779e4e,2024-04-02,,Enterprise,31,5042,60504,False,False,False,False,monthly,True
S-55e184,A-53f4e3,2024-08-14,,Enterprise,13,0,0,True,False,False,False,monthly,True
S-05672b,A-53f4e3,2024-07-13,,Enterprise,18,3708,44496,False,False,True,False,annual,True
S-598984,A-53f4e3,2024-07-29,,Basic,62,0,0,True,False,False,False,monthly,False
S-780b74,A-692f18,2024-04-19,2024-06-29,Enterprise,25,4429,53148,False,True,False,True,annual,False
S-046da6,A-692f18,2024-05-16,2024-06-19,Pro,11,712,8544,False,True,False,True,monthly,False
S-24e2a8,A-692f18,2024-04-09,2024-06-26,Basic,12,495,5940,False,False,True,True,monthly,True
S-3d6a1f,A-692f18,2024-05-01,2024-06-27,Pro,23,0,0,True,True,False,True,monthly,True
S-04eaa5,A-13466a,2024-01-26,,Pro,21,1248,14976,False,False,False,False,annual,True
S-ce93e0,A-1986ca,2023-01-30,,Pro,56,3421,41052,False,False,True,False,annual,True
S-e0003b,A-0cc442,2024-10-21,,Pro,39,2917,35004,False,False,False,False,annual,True
S-615f8b,A-0cc442,2024-08-22,,Basic,11,0,0,True,False,False,False,monthly,True
S-48ca09,A-c608c8,2023-10-23,,Basic,55,1656,19872,False,False,False,False,monthly,False
S-c26a0b,A-3be56b,2024-04-29,,Pro,13,1110,13320,False,False,False,False,annual,False
S-d871bf,A-354f12,2024-05-29,,Basic,30,965,11580,False,True,False,False,annual,True
S-e80440,A-354f12,2024-05-11,,Enterprise,31,3961,47532,False,False,False,False,monthly,True
S-1910f9,A-354f12,2024-06-02,,Pro,28,1761,21132,False,False,False,False,annual,True
S-c359a5,A-68f37c,2023-09-21,,Basic,23,905,10860,False,False,False,False,monthly,True
S-eb310d,A-aa9511,2023-11-17,,Enterprise,22,3589,43068,False,True,False,False,annual,True
S-d7be2f,A-aa9511,2024-04-05,,Basic,34,1148,13776,False,False,False,False,monthly,True
S-772a90,A-aa9511,2023-10-19,,Pro,73,0,0,True,False,False,False,monthly,True
S-a249c2,A-aa9511,2024-08-02,,Pro,6,0,0,True,False,False,False,annual,False
S-74bdac,A-af0cd2,2023-01-04,2023-03-10,Pro,152,13600,163200,False,False,True,True,monthly,False
S-794f3e,A-af0cd2,2023-01-29,2023-03-05,Basic,13,458,5496,False,True,True,True,annual,True
S-bfa542,A-bd4513,2024-11-30,,Pro,15,0,0,True,True,True,False,monthly,False
S-f1cb2e,A-c222ab,2024-07-17,2024-11-23,Enterprise,26,3309,39708,False,False,True,True,annual,True
S-228119,A-c222ab,2024-08-05,,Basic,11,533,6396,False,True,False,False,monthly,False
S-f0a912,A-34d880,2024-05-28,2024-07-18,Enterprise,19,3248,38976,False,False,False,True,monthly,True
S-7b367b,A-508199,2024-09-26,,Basic,26,975,11700,False,True,False,False,annual,True
S-3bd9b2,A-508199,2024-02-28,2024-11-10,Enterprise,29,3720,44640,False,False,False,True,monthly,True
S-e43867,A-508199,2024-02-29,,Basic,22,947,11364,False,False,False,False,monthly,True
S-c85c6f,A-508199,2024-03-13,,Pro,64,5097,61164,False,False,False,False,monthly,True
S-f7cbd7,A-f03140,2023-11-23,2024-02-07,Enterprise,1,197,2364,False,False,False,True,monthly,True
S-649974,A-f03140,2023-12-15,2024-02-11,Enterprise,19,0,0,True,False,False,True,annual,True
S-782ad5,A-410e86,2024-11-19,,Basic,46,2266,27192,False,False,False,False,monthly,True
S-6196de,A-410e86,2024-11-20,,Enterprise,11,1508,18096,False,False,False,False,monthly,True
S-c33790,A-fa2041,2024-06-06,2024-06-13,Basic,36,1198,14376,False,False,False,True,annual,False
S-714504,A-fa2041,2024-05-29,2024-06-08,Pro,14,976,11712,False,False,False,True,annual,True
S-afc4f7,A-fa2041,2024-05-30,2024-06-03,Pro,27,1957,23484,False,False,False,True,annual,False
S-5d6b25,A-de58ca,2023-12-28,,Enterprise,23,4820,57840,False,False,False,False,annual,True
S-f3d7f6,A-de58ca,2023-08-11,,Basic,69,3043,36516,False,False,False,False,annual,True
S-763d98,A-05d3b3,2023-11-29,2024-05-20,Basic,24,945,11340,False,False,False,True,monthly,True
S-5c531d,A-05d3b3,2024-01-03,,Basic,2,61,732,False,True,False,False,monthly,True
S-1d60eb,A-249769,2024-09-06,,Pro,5,462,5544,False,False,False,False,annual,True
S-b8c238,A-249769,2024-06-04,,Enterprise,20,3853,46236,False,False,False,False,annual,True
S-b96a08,A-e43bf7,2023-04-10,,Pro,45,0,0,True,False,False,False,monthly,True
S-672edf,A-e43bf7,2024-02-24,,Pro,12,0,0,True,True,False,False,annual,False
S-da419f,A-e43bf7,2024-01-12,,Pro,11,931,11172,False,False,False,False,annual,True
S-5f24a7,A-eb2fdc,2024-06-30,,Pro,15,1244,14928,False,False,False,False,annual,True
S-c5c429,A-eb2fdc,2024-05-04,,Basic,42,1482,17784,False,False,False,False,monthly,True
S-89061c,A-e1462e,2023-07-18,,Pro,20,1861,22332,False,False,True,False,annual,True
S-1e0951,A-cab532,2023-05-24,,Basic,17,615,7380,False,False,False,False,annual,True
S-50bd57,A-cab532,2023-04-08,,Pro,50,3125,37500,False,False,True,False,monthly,True
S-27f8ec,A-9123ac,2023-12-04,,Pro,16,1506,18072,False,False,False,False,annual,False
S-105f20,A-9123ac,2023-10-16,,Enterprise,17,2498,29976,False,False,False,False,monthly,True
S-f35c12,A-6e08f3,2024-01-05,,Pro,6,558,6696,False,False,False,False,annual,False
S-b0b839,A-d922bf,2023-11-06,2024-09-08,Enterprise,8,1533,18396,False,False,False,True,annual,True
S-5f6b4d,A-d922bf,2023-12-15,2024-08-29,Pro,9,587,7044,False,False,False,True,monthly,True
S-48ceca,A-d922bf,2023-10-19,,Basic,22,0,0,True,False,False,False,annual,True
S-b6a985,A-d922bf,2023-10-31,,Basic,30,997,11964,False,False,False,False,monthly,True
S-51b014,A-d922bf,2024-01-05,2024-09-02,Basic,71,2470,29640,False,False,False,True,monthly,True
S-2b27b9,A-8ed5dd,2024-05-13,2024-08-20,Pro,83,5801,69612,False,False,False,True,monthly,True
S-957c7b,A-8ed5dd,2023-12-29,,Basic,20,593,7116,False,False,False,False,monthly,True
S-d31762,A-8ed5dd,2024-04-03,,Pro,31,2366,28392,False,False,False,False,monthly,True
S-c9ab68,A-8ed5dd,2024-01-04,,Pro,52,2999,35988,False,False,False,False,annual,True
S-3bfd60,A-7c6b6b,2024-12-03,,Enterprise,11,1749,20988,False,False,True,False,annual,False
S-e9c4dd,A-7c6b6b,2024-12-07,,Basic,36,1301,15612,False,False,False,False,monthly,True
S-097a41,A-7c6b6b,2024-12-05,,Pro,19,1172,14064,False,False,False,False,monthly,True
S-48476b,A-3c1a3f,2024-08-13,,Enterprise,8,1293,15516,False,False,False,False,monthly,True
S-62a34b,A-3c1a3f,2023-10-08,,Enterprise,41,6495,77940,False,False,True,False,annual,True
S-4056ab,A-b48f73,2024-11-23,,Enterprise,30,5893,70716,False,False,False,False,annual,True
S-0cb25c,A-76fa4d,2024-12-13,,Pro,46,2922,35064,False,False,False,False,annual,True
S-95ca80,A-76fa4d,2024-12-09,,Basic,6,193,2316,False,False,False,False,annual,True
S-a2e306,A-76fa4d,2024-12-03,,Basic,17,641,7692,False,False,False,False,annual,True
S-55e4d2,A-b2af2e,2024-09-20,,Basic,19,596,7152,False,False,False,False,monthly,True
S-923257,A-b2af2e,2024-09-21,,Pro,11,795,9540,False,False,False,False,monthly,True
S-dcb744,A-b2af2e,2024-09-06,,Pro,10,849,10188,False,True,False,False,monthly,True
S-2ac895,A-b2af2e,2024-09-19,,Pro,14,0,0,True,False,False,False,annual,True
S-fe6c51,A-9bfc9f,2023-10-15,2024-05-13,Enterprise,59,10130,121560,False,False,True,True,monthly,True
S-4d7d57,A-9bfc9f,2023-10-29,2024-05-13,Basic,22,838,10056,False,False,True,True,monthly,True
S-1c413a,A-9bfc9f,2024-01-02,2024-05-09,Basic,8,339,4068,False,False,False,True,annual,True
S-df397b,A-4ae22a,2024-08-21,,Enterprise,6,863,10356,False,False,False,False,monthly,False
S-a1298e,A-fda07f,2024-10-17,,Pro,29,2594,31128,False,False,False,False,monthly,False
S-d09671,A-de24d5,2024-11-06,2024-11-10,Pro,2,119,1428,False,False,False,True,monthly,True
S-d2fed1,A-de24d5,2024-11-06,2024-11-16,Basic,28,1223,14676,False,True,False,True,annual,False
S-609d80,A-977ca0,2023-07-15,,Basic,55,2280,27360,False,False,False,False,annual,False
S-4265d3,A-977ca0,2023-02-21,,Pro,63,4044,48528,False,False,False,False,monthly,False
S-43e4fa,A-977ca0,2023-07-17,,Enterprise,29,4700,56400,False,False,False,False,monthly,True
S-491ef4,A-ab438f,2024-10-27,,Enterprise,37,5329,63948,False,False,False,False,annual,True
S-26ca00,A-ab438f,2024-10-05,,Pro,41,3416,40992,False,False,False,False,annual,False
S-3c4e4e,A-e89151,2024-01-12,,Basic,16,466,5592,False,False,False,False,monthly,False
S-eb212a,A-e89151,2023-11-28,,Pro,1,72,864,False,False,False,False,monthly,True
S-bff46c,A-e89151,2024-02-09,,Pro,27,2275,27300,False,False,False,False,annual,True
S-c501d5,A-e89151,2024-04-18,,Basic,9,278,3336,False,False,False,False,monthly,False
S-bce7a3,A-40906c,2024-06-14,,Enterprise,7,920,11040,False,False,False,False,monthly,True
S-fe65b6,A-81edc3,2023-11-02,2024-03-25,Enterprise,19,3025,36300,False,False,False,True,annual,True
S-b14ce0,A-81edc3,2023-11-17,2024-03-29,Enterprise,9,1324,15888,False,False,False,True,monthly,False
S-c1d45b,A-81edc3,2023-11-13,2024-03-26,Enterprise,10,0,0,True,False,False,True,annual,True
S-d65ff8,A-81edc3,2023-12-06,2024-03-31,Basic,48,1692,20304,False,False,True,True,annual,False
S-0f981f,A-328bd0,2023-12-04,2024-04-30,Pro,25,1804,21648,False,False,False,True,monthly,True
S-b355d7,A-328bd0,2023-07-22,,Enterprise,80,14467,173604,False,False,False,False,annual,True
S-db56c7,A-328bd0,2023-09-23,,Pro,24,1390,16680,False,False,False,False,annual,True
S-a1695d,A-328bd0,2023-08-04,,Enterprise,28,5340,64080,False,False,False,False,annual,True
S-3d1684,A-b3fe05,2024-06-20,,Basic,25,1128,13536,False,False,False,False,annual,True
S-8e78fe,A-b3fe05,2024-07-15,,Pro,30,2565,30780,False,False,False,False,monthly,False
S-0bdfc1,A-b3fe05,2024-08-10,,Pro,8,536,6432,False,False,False,False,monthly,True
S-cd8034,A-09540c,2024-08-28,,Basic,37,1788,21456,False,False,False,False,annual,True
S-d2b2d0,A-09540c,2023-11-18,,Pro,20,1225,14700,False,True,False,False,annual,True
S-318c68,A-e693b6,2023-06-30,2024-10-10,Basic,4,139,1668,False,False,False,True,annual,True
S-a7c422,A-2446e3,2024-03-11,,Enterprise,13,2432,29184,False,False,False,False,monthly,False
S-20002a,A-241e75,2024-10-16,,Pro,14,1195,14340,False,True,True,False,monthly,True
S-391c57,A-241e75,2024-08-29,,Pro,15,1358,16296,False,False,False,False,monthly,True
S-afc655,A-922109,2024-03-29,2024-06-13,Enterprise,21,3373,40476,False,False,True,True,annual,False
S-15c461,A-922109,2024-02-26,2024-06-06,Pro,6,509,6108,False,False,True,True,annual,True
S-4174f9,A-922109,2024-02-24,2024-06-09,Basic,34,980,11760,False,False,True,True,monthly,False
S-58f248,A-ff3c73,2023-04-02,,Basic,17,485,5820,False,True,False,False,annual,True
S-182dc0,A-ff3c73,2023-07-31,,Basic,27,1289,15468,False,False,False,False,monthly,True
S-8398f2,A-8b0451,2024-10-04,2024-12-10,Basic,20,597,7164,False,False,False,True,monthly,False
S-8f14b1,A-331424,2024-01-08,2024-09-20,Basic,36,1243,14916,False,False,False,True,monthly,True
S-3f90d8,A-331424,2024-01-20,2024-09-11,Basic,88,2776,33312,False,True,False,True,monthly,False
S-7f5693,A-331424,2023-12-03,2024-09-17,Basic,19,647,7764,False,False,True,True,monthly,False
S-22418f,A-51ec1b,2024-05-15,,Pro,54,3697,44364,False,False,False,False,monthly,True
S-400297,A-51ec1b,2023-12-13,,Basic,2,68,816,False,False,False,False,annual,True
S-6c69f2,A-51ec1b,2024-04-15,,Enterprise,6,0,0,True,False,False,False,monthly,True
S-132de8,A-bcf664,2023-11-06,,Pro,38,3577,42924,False,True,False,False,annual,True
S-2de6a9,A-bcf664,2023-06-12,,Enterprise,33,6370,76440,False,False,False,False,annual,True
S-85445c,A-bcf664,2023-09-21,,Basic,13,0,0,True,False,False,False,monthly,True
S-d107c8,A-bcf664,2024-03-14,,Pro,28,2388,28656,False,False,False,False,monthly,True
S-dbb802,A-90a8c8,2024-09-02,,Pro,15,0,0,True,False,False,False,annual,True
S-b4b50a,A-90a8c8,2024-09-16,,Pro,21,1490,17880,False,False,False,False,monthly,False
S-e726f5,A-86cdb4,2024-10-11,,Pro,23,1843,22116,False,False,False,False,annual,True
S-1c30b5,A-86cdb4,2024-09-25,2024-12-20,Pro,11,0,0,True,False,False,True,monthly,True
S-202205,A-86cdb4,2024-10-02,,Basic,15,458,5496,False,False,False,False,annual,True
S-d60eaf,A-4bfa33,2024-12-09,,Basic,19,0,0,True,True,False,False,annual,True
S-978067,A-4bfa33,2024-12-13,,Pro,8,0,0,True,False,False,False,annual,True
S-4df7c3,A-4bfa33,2024-12-09,,Enterprise,54,11552,138624,False,False,False,False,monthly,True
S-ebb9d8,A-4bfa33,2024-12-17,,Enterprise,5,964,11568,False,False,False,False,annual,True
S-fa73e0,A-4bfa33,2024-12-11,,Enterprise,5,774,9288,False,True,False,False,monthly,True
S-001374,A-dbc825,2024-06-11,,Pro,26,1851,22212,False,False,False,False,annual,True
S-777084,A-c70870,2024-10-23,2024-12-19,Pro,72,0,0,True,True,False,True,monthly,False
S-80db55,A-c70870,2024-11-05,2024-12-17,Basic,28,1253,15036,False,False,False,True,monthly,False
S-5fb7a1,A-7c4956,2023-08-14,2024-09-08,Enterprise,17,2388,28656,False,False,False,True,annual,False
S-d94b07,A-7c4956,2024-02-01,2024-09-03,Pro,68,6345,76140,False,False,False,True,monthly,True
S-fc09a8,A-0651a4,2024-10-20,,Basic,13,607,7284,False,False,True,False,monthly,True
S-5a6fde,A-3ce5b8,2024-01-03,,Enterprise,19,2957,35484,False,False,False,False,annual,True
S-6a2ccc,A-3ce5b8,2023-10-19,,Pro,38,2657,31884,False,False,False,False,monthly,True
S-074e89,A-bd4708,2024-08-07,2024-08-24,Basic,38,0,0,True,False,False,True,annual,True
S-71996a,A-bd4708,2024-08-04,2024-08-24,Enterprise,21,3940,47280,False,True,False,True,annual,True
S-6a5ce7,A-993085,2023-11-03,2024-03-29,Pro,22,1921,23052,False,False,False,True,annual,True
S-0afb59,A-993085,2023-09-06,,Basic,1,42,504,False,False,False,False,annual,True
S-5cba62,A-92a3af,2024-08-06,,Pro,18,1479,17748,False,False,False,False,monthly,False
S-95e1dc,A-92a3af,2024-09-28,,Pro,43,2693,32316,False,False,False,False,monthly,True
S-8fb06d,A-151c9a,2023-12-21,,Pro,17,0,0,True,False,False,False,monthly,True
S-c22e0f,A-474ad4,2023-12-29,2024-09-14,Basic,54,0,0,True,False,False,True,annual,False
S-8c35b2,A-474ad4,2024-09-27,,Enterprise,78,11160,133920,False,True,True,False,monthly,True
S-190fab,A-4ef964,2024-05-25,,Pro,29,1652,19824,False,False,False,False,annual,False
S-89f03b,A-4ef964,2024-04-30,,Basic,16,539,6468,False,False,False,False,annual,False
S-13007a,A-4ef964,2024-05-31,,Pro,5,351,4212,False,False,False,False,annual,True
S-1fca18,A-4ef964,2024-08-18,,Enterprise,17,3463,41556,False,False,False,False,annual,True
S-e389be,A-4ef964,2024-09-25,,Enterprise,11,2320,27840,False,False,False,False,monthly,True
S-21145e,A-fd9422,2024-06-07,,Enterprise,33,4463,53556,False,False,True,False,monthly,True
S-8b9f5a,A-fd9422,2024-05-07,,Enterprise,7,0,0,True,False,False,False,monthly,True
S-43f046,A-0baac2,2024-08-28,,Enterprise,13,2308,27696,False,False,False,False,monthly,True
S-2c574e,A-bb1486,2024-11-14,,Pro,27,1705,20460,False,False,False,False,monthly,True
S-6c9f9f,A-560d27,2024-08-19,,Basic,13,0,0,True,False,False,False,annual,True
S-b02c03,A-0b0d6d,2024-12-30,,Enterprise,4,703,8436,False,False,False,False,monthly,True
S-c5335d,A-0b0d6d,2024-12-30,,Pro,41,3793,45516,False,False,False,False,monthly,True
S-7fb42f,A-2789e3,2024-10-08,,Enterprise,50,6890,82680,False,False,True,False,monthly,False
S-e15bfe,A-2789e3,2024-09-29,,Basic,7,297,3564,False,False,False,False,annual,True
S-4eb76d,A-2789e3,2024-11-08,,Pro,9,814,9768,False,False,False,False,annual,True
S-de74d4,A-2789e3,2024-10-24,,Pro,27,2205,26460,False,False,False,False,annual,True
S-c8933a,A-b07346,2024-11-21,,Basic,34,1250,15000,False,False,False,False,annual,True
S-4af1e2,A-b07346,2024-10-15,,Enterprise,3,641,7692,False,False,False,False,annual,True
S-2d3a11,A-902ef7,2024-09-11,2024-11-11,Enterprise,8,1611,19332,False,False,False,True,monthly,True
S-3843d2,A-902ef7,2024-09-22,2024-11-10,Pro,14,995,11940,False,False,False,True,annual,False
S-11e7fc,A-20736a,2024-03-20,,Enterprise,33,5956,71472,False,False,False,False,monthly,False
S-4c788c,A-e4bf56,2024-11-05,,Basic,8,0,0,True,False,False,False,monthly,True
S-30bf91,A-e4bf56,2024-11-11,,Basic,11,350,4200,False,False,False,False,monthly,True
S-18e949,A-cea1f0,2024-06-05,,Pro,37,2958,35496,False,False,False,False,annual,True
S-27fa13,A-ef84cf,2024-03-17,,Pro,3,169,2028,False,False,False,False,annual,True
S-063f50,A-d49cc5,2024-08-28,,Pro,12,1014,12168,False,False,False,False,monthly,False
S-6baf58,A-d49cc5,2024-04-15,,Basic,39,1459,17508,False,False,False,False,monthly,True
S-800c6b,A-d49cc5,2023-12-03,,Pro,54,3866,46392,False,False,False,False,monthly,False
S-f3c3b2,A-d49cc5,2024-08-11,,Enterprise,37,6940,83280,False,False,False,False,monthly,True
S-4770d0,A-67be94,2024-01-31,,Basic,20,702,8424,False,False,True,False,monthly,True
S-e3bb78,A-67be94,2024-02-21,,Basic,11,432,5184,False,False,False,False,annual,False
S-1e1a0b,A-67be94,2023-06-20,,Pro,29,0,0,True,False,True,False,annual,True
S-57036b,A-67be94,2023-07-14,,Basic,1,44,528,False,False,False,False,monthly,True
S-949388,A-4e960a,2024-07-04,2024-10-02,Basic,23,1055,12660,False,False,True,True,annual,True
S-3389f7,A-4e960a,2024-06-03,2024-10-07,Enterprise,23,3205,38460,False,False,False,True,monthly,True
S-77d465,A-c37cab,2024-08-12,,Enterprise,15,3071,36852,False,False,False,False,monthly,True
S-9b74b4,A-c37cab,2024-11-06,,Pro,17,0,0,True,False,False,False,monthly,True
S-e973c9,A-533452,2024-11-24,,Pro,12,914,10968,False,False,False,False,monthly,True
S-ebc10a,A-533452,2024-11-19,,Pro,37,2678,32136,False,False,False,False,annual,True
S-0ee9b6,A-533452,2024-11-17,,Basic,17,765,9180,False,False,False,False,monthly,False
S-f04bc3,A-443b7c,2024-10-11,,Enterprise,11,1783,21396,False,False,False,False,monthly,True
S-c7d4b3,A-443b7c,2024-10-02,,Basic,53,2175,26100,False,False,False,False,monthly,True
S-2ba49f,A-1f7acb,2023-09-21,2024-05-27,Pro,26,1924,23088,False,False,False,True,monthly,False
S-5838ea,A-f51f16,2024-02-09,,Pro,42,3042,36504,False,False,False,False,annual,True
S-2b6094,A-5a3eb9,2023-12-09,2024-06-18,Pro,80,5713,68556,False,False,False,True,annual,True
S-ffaa41,A-5f2961,2024-11-29,,Enterprise,50,7441,89292,False,True,False,False,monthly,True
S-075f43,A-5f2961,2024-12-09,,Basic,20,0,0,True,False,True,False,monthly,True
S-dd6118,A-5f2961,2024-11-22,,Pro,7,530,6360,False,False,False,False,monthly,True
S-d60506,A-5f2961,2024-11-26,,Enterprise,31,0,0,True,False,True,False,annual,True
S-7b1727,A-417d2f,2023-10-07,,Enterprise,20,4120,49440,False,False,False,False,monthly,True
S-fbd0cd,A-417d2f,2023-09-17,,Pro,2,0,0,True,False,True,False,monthly,True
S-ac0bd3,A-417d2f,2023-10-26,,Enterprise,10,1501,18012,False,False,False,False,annual,False
S-761241,A-e98302,2024-02-19,,Pro,13,915,10980,False,False,False,False,monthly,True
S-800a46,A-e98302,2024-01-10,2024-08-18,Enterprise,61,10307,123684,False,False,False,True,annual,True
S-577207,A-8bde0c,2024-11-06,,Pro,18,1401,16812,False,False,False,False,annual,True
S-9c319e,A-8bde0c,2024-11-06,,Basic,41,1219,14628,False,False,False,False,annual,False
S-316891,A-8bde0c,2024-11-18,,Pro,38,3473,41676,False,True,False,False,monthly,False
S-a50e84,A-bcf87c,2024-07-23,,Basic,26,748,8976,False,False,False,False,monthly,False
S-dc3f84,A-bcf87c,2024-06-30,,Pro,45,2867,34404,False,False,False,False,annual,False
S-73d471,A-bcf87c,2024-07-28,,Basic,41,1520,18240,False,False,False,False,annual,True
S-f4a588,A-54ecc2,2023-12-11,2024-06-07,Pro,15,956,11472,False,False,False,True,annual,False
S-469322,A-625d0b,2024-10-07,,Pro,42,3419,41028,False,False,False,False,annual,True
S-634aaf,A-625d0b,2024-09-27,,Basic,7,287,3444,False,False,False,False,monthly,False
S-c6ee32,A-fce879,2024-10-17,,Basic,11,541,6492,False,False,False,False,annual,True
S-eed7dc,A-b07b56,2024-12-06,,Pro,32,2900,34800,False,False,False,False,monthly,True
S-b94bee,A-b07b56,2024-12-15,,Basic,20,0,0,True,False,False,False,annual,True
S-90b431,A-6da850,2023-11-26,,Basic,21,601,7212,False,False,False,False,annual,True
S-274688,A-6da850,2023-11-01,,Basic,29,984,11808,False,False,False,False,annual,False
S-67e40c,A-342303,2024-05-07,,Pro,28,2114,25368,False,True,False,False,monthly,True
S-1c5d22,A-342303,2024-05-21,,Basic,12,566,6792,False,False,False,False,monthly,True
S-66bafa,A-342303,2024-03-30,,Enterprise,41,7427,89124,False,True,False,False,monthly,True
S-314fcb,A-e7a1e2,2024-09-30,,Pro,15,1080,12960,False,False,False,False,monthly,True
S-47bf90,A-e7a1e2,2024-08-16,,Enterprise,25,3428,41136,False,False,False,False,annual,True
S-de06ff,A-e7a1e2,2024-09-26,,Enterprise,15,2937,35244,False,False,False,False,monthly,True
S-ff0279,A-f1f639,2023-04-01,2024-04-15,Pro,15,1238,14856,False,False,False,True,monthly,True
S-6449fd,A-a865bd,2023-12-31,,Pro,38,3326,39912,False,False,False,False,annual,True
S-224b0b,A-4e631b,2024-03-27,,Enterprise,22,4003,48036,False,False,True,False,monthly,True
S-9ad997,A-7f6b86,2024-06-20,,Pro,21,1717,20604,False,False,False,False,monthly,True
S-a610ba,A-7f6b86,2024-01-16,,Basic,36,1737,20844,False,False,False,False,monthly,True
S-6b7496,A-7f6b86,2024-02-21,,Pro,14,1228,14736,False,True,False,False,annual,False
S-fbbbac,A-7f6b86,2023-11-20,,Basic,14,579,6948,False,False,True,False,monthly,False
S-6d0a80,A-8adedc,2024-06-05,,Basic,30,1058,12696,False,False,False,False,annual,True
S-a0b899,A-8adedc,2024-08-05,,Basic,43,1501,18012,False,False,False,False,annual,True
S-493c12,A-2edab2,2024-02-07,,Basic,34,1482,17784,False,False,False,False,annual,False
S-b0f08f,A-2edab2,2024-03-17,2024-08-16,Basic,58,2644,31728,False,False,False,True,annual,True
S-aabb24,A-2edab2,2024-01-10,,Pro,6,344,4128,False,False,False,False,annual,True
S-333ae8,A-2edab2,2024-02-03,,Enterprise,33,0,0,True,False,False,False,annual,False
S-0b8c66,A-2edab2,2023-12-08,,Basic,46,1932,23184,False,True,False,False,monthly,True
S-ab39f1,A-149a69,2024-11-01,,Basic,45,1366,16392,False,False,False,False,annual,True
S-58ef98,A-a6d261,2024-06-18,2024-11-27,Basic,14,667,8004,False,False,False,True,annual,True
S-67b88d,A-a6d261,2024-03-10,,Enterprise,19,0,0,True,False,True,False,annual,True
S-2fb999,A-a6d261,2024-02-17,2024-12-25,Basic,35,1540,18480,False,False,False,True,annual,True
S-95b4a8,A-443f6f,2024-12-13,,Enterprise,13,2205,26460,False,False,False,False,annual,True
S-5c5a43,A-202b67,2024-03-31,,Enterprise,27,4234,50808,False,False,False,False,annual,False
S-9f4117,A-202b67,2024-06-18,,Pro,90,5274,63288,False,False,False,False,annual,True
S-cb3d28,A-00bed1,2023-11-19,2024-02-25,Basic,10,415,4980,False,False,False,True,annual,True
S-dcb5c6,A-00bed1,2023-12-14,2024-02-24,Enterprise,21,3837,46044,False,True,False,True,annual,True
S-5893ed,A-ffc04f,2024-06-15,,Basic,14,477,5724,False,False,True,False,annual,True
S-43162e,A-65c341,2024-03-09,,Pro,19,1710,20520,False,False,False,False,annual,False
S-ed4b74,A-65c341,2024-06-10,2024-08-22,Pro,61,0,0,True,False,False,True,monthly,True
S-82f243,A-65c341,2024-04-10,,Basic,2,69,828,False,False,False,False,monthly,True
S-8af630,A-65c341,2024-05-29,,Basic,18,514,6168,False,False,False,False,annual,True
S-9f1f4e,A-65c341,2024-07-25,,Pro,9,0,0,True,False,False,False,annual,True
S-1e5432,A-dcc2f0,2023-12-06,,Enterprise,41,0,0,True,False,False,False,monthly,True
S-c17f6d,A-dcc2f0,2023-11-20,,Pro,84,5547,66564,False,True,False,False,monthly,True
S-bcf145,A-ced9aa,2024-10-08,,Enterprise,23,0,0,True,False,False,False,monthly,True
S-111fd9,A-ced9aa,2024-10-22,,Enterprise,15,0,0,True,False,False,False,annual,True
S-d57e22,A-ced9aa,2024-10-14,,Pro,85,7158,85896,False,False,False,False,monthly,True
S-84aa51,A-3d957b,2024-05-11,,Basic,14,625,7500,False,False,False,False,annual,False
S-1750bf,A-3d957b,2024-09-10,,Pro,9,509,6108,False,False,False,False,annual,True
S-f136e9,A-89ee83,2024-10-04,,Basic,34,1591,19092,False,False,False,False,monthly,True
S-7eafdf,A-89ee83,2024-12-08,,Basic,32,1207,14484,False,False,False,False,monthly,True
S-850b40,A-89ee83,2024-10-11,,Pro,62,5131,61572,False,False,False,False,annual,True
S-c68c5d,A-89ee83,2024-11-26,,Basic,67,1987,23844,False,False,False,False,monthly,True
S-994c39,A-883b7d,2024-06-13,,Pro,55,4210,50520,False,False,False,False,annual,False
S-d16a40,A-883b7d,2024-05-12,,Pro,49,4371,52452,False,True,True,False,annual,True
S-67ec24,A-dcc3f1,2024-02-10,,Basic,1,44,528,False,False,False,False,monthly,True
S-2e5e08,A-c62e55,2023-06-28,2024-04-26,Pro,106,9460,113520,False,True,False,True,monthly,True
S-18022b,A-c62e55,2023-04-15,2024-04-21,Enterprise,9,1859,22308,False,False,False,True,monthly,True
S-a8346f,A-e4144b,2024-11-05,,Pro,17,1065,12780,False,False,False,False,monthly,True
S-b00536,A-e4144b,2024-11-07,,Enterprise,18,2303,27636,False,False,False,False,annual,True
S-f397a8,A-e40f45,2024-06-07,,Basic,70,2513,30156,False,False,True,False,annual,True
S-84f421,A-e40f45,2024-05-09,,Pro,35,3148,37776,False,False,False,False,monthly,True
S-15d208,A-96215d,2024-09-21,,Pro,15,940,11280,False,False,False,False,annual,True
S-89035b,A-96215d,2024-08-27,,Pro,8,698,8376,False,False,False,False,monthly,True
S-ad8686,A-2b9d3e,2023-07-24,,Basic,14,399,4788,False,False,True,False,monthly,False
S-2944b1,A-2b9d3e,2023-09-12,,Basic,22,747,8964,False,False,True,False,annual,False
S-059d84,A-2b9d3e,2023-12-25,,Basic,10,454,5448,False,False,False,False,monthly,True
S-565acb,A-b7724f,2024-02-14,,Basic,14,674,8088,False,True,False,False,monthly,True
S-641cf0,A-b7724f,2024-06-03,,Enterprise,47,9578,114936,False,False,False,False,annual,True
S-23c305,A-b7724f,2024-03-09,,Basic,31,1146,13752,False,False,False,False,annual,True
S-568301,A-b7724f,2023-09-21,,Enterprise,36,5181,62172,False,False,False,False,monthly,True
S-ba4f8c,A-310452,2024-12-26,,Pro,28,0,0,True,True,False,False,annual,True
S-c4997a,A-310452,2024-12-25,,Basic,51,0,0,True,False,False,False,monthly,True
S-5107e3,A-eb1312,2024-09-22,,Basic,20,748,8976,False,False,False,False,annual,True
S-92a27c,A-eb1312,2024-09-18,,Basic,19,731,8772,False,False,False,False,annual,True
S-5e0123,A-eb1312,2024-10-20,,Basic,10,354,4248,False,False,False,False,monthly,True
S-6e350b,A-eb1312,2024-10-09,,Pro,9,545,6540,False,False,False,False,monthly,True
S-807364,A-df1e44,2024-03-01,,Basic,23,923,11076,False,False,False,False,monthly,True
S-c09c0e,A-df1e44,2024-06-16,,Basic,27,956,11472,False,True,False,False,monthly,True
S-c47a8c,A-df1e44,2024-05-26,,Enterprise,17,3343,40116,False,False,False,False,annual,True
S-e5169c,A-df1e44,2024-06-04,,Basic,17,655,7860,False,False,False,False,annual,True
S-4e096b,A-6a7c9d,2024-12-04,,Pro,46,4006,48072,False,False,False,False,monthly,True
S-4e0d78,A-cbd1a3,2024-11-28,,Enterprise,20,3928,47136,False,False,False,False,annual,True
S-466406,A-a8d89d,2024-02-15,,Pro,32,0,0,True,False,False,False,annual,True
S-6b7876,A-600734,2023-11-17,,Pro,11,1026,12312,False,True,False,False,annual,True
S-baf709,A-600734,2024-07-21,,Pro,10,591,7092,False,False,False,False,annual,True
S-61daaa,A-86fc1d,2024-08-24,2024-11-13,Enterprise,12,1601,19212,False,False,False,True,monthly,False
S-fbbcbb,A-86fc1d,2024-08-21,2024-11-21,Pro,86,7219,86628,False,False,False,True,annual,False
S-164e98,A-78f02b,2024-11-18,,Enterprise,60,10284,123408,False,False,True,False,monthly,True
S-8ac3fc,A-78f02b,2024-11-25,,Basic,9,0,0,True,False,False,False,annual,True
S-3966d4,A-78f02b,2024-11-18,,Pro,24,1960,23520,False,False,False,False,monthly,True
S-dadb93,A-78f02b,2024-11-18,,Pro,75,5885,70620,False,True,False,False,annual,True
S-fa5415,A-acb7f7,2024-01-15,,Enterprise,39,4961,59532,False,False,False,False,monthly,True
S-2e6acf,A-acb7f7,2024-04-07,,Enterprise,29,4722,56664,False,False,False,False,monthly,True
S-709f51,A-acb7f7,2024-04-29,,Pro,17,1535,18420,False,False,False,False,annual,True
S-b92082,A-712f1c,2024-03-13,,Pro,16,1525,18300,False,True,False,False,annual,True
S-247d6d,A-712f1c,2024-03-05,2024-04-17,Basic,1,37,444,False,False,False,True,annual,True
S-9682f4,A-712f1c,2024-01-13,,Basic,13,576,6912,False,False,True,False,annual,True
S-ea4719,A-3793ee,2023-07-03,,Pro,51,0,0,True,False,False,False,annual,True
S-1a3231,A-3793ee,2023-06-01,,Pro,114,9815,117780,False,False,False,False,annual,True
S-eeeb3c,A-3793ee,2024-06-18,,Pro,12,1136,13632,False,False,False,False,annual,True
S-c3df69,A-3793ee,2023-11-16,,Pro,18,0,0,True,False,False,False,monthly,True
S-d4f4f3,A-9a532a,2024-10-19,,Enterprise,27,4052,48624,False,False,False,False,monthly,False
S-b8573a,A-2ebb4b,2023-11-14,,Enterprise,15,0,0,True,False,False,False,monthly,True
S-f94a7e,A-2ebb4b,2023-06-12,2024-05-23,Enterprise,13,2419,29028,False,False,False,True,annual,True
S-487e19,A-2ebb4b,2023-06-03,,Enterprise,13,0,0,True,False,False,False,annual,True
S-c5846f,A-6843f2,2024-12-15,,Enterprise,21,3754,45048,False,False,False,False,annual,True
S-5397c0,A-c9bb3e,2024-03-29,2024-05-08,Basic,73,3527,42324,False,True,False,True,annual,True
S-ebd675,A-4814a3,2024-11-17,,Enterprise,20,3853,46236,False,False,False,False,annual,False
S-d184af,A-4814a3,2024-10-16,,Pro,43,2793,33516,False,False,False,False,annual,True
S-a06072,A-b7b7b7,2024-07-07,,Pro,19,1530,18360,False,True,False,False,monthly,False
S-b84dba,A-b7b7b7,2024-08-11,,Enterprise,13,0,0,True,False,False,False,annual,True
S-549cdc,A-b7b7b7,2024-07-24,,Pro,50,3320,39840,False,False,False,False,monthly,True
S-0f3087,A-b7b7b7,2024-08-02,,Basic,44,2010,24120,False,False,False,False,monthly,True
S-1337ba,A-ccc747,2024-01-19,,Pro,52,4251,51012,False,False,False,False,monthly,True
S-029c05,A-bb3bd4,2024-02-12,,Pro,8,678,8136,False,False,True,False,annual,True
S-1762fc,A-09316c,2024-10-22,,Basic,19,818,9816,False,False,False,False,monthly,True
S-8c4e66,A-09316c,2024-10-24,,Basic,34,1078,12936,False,False,False,False,monthly,True
S-999d4b,A-09316c,2024-10-08,,Pro,9,663,7956,False,True,False,False,monthly,True
S-3378a2,A-96bbc6,2024-05-26,,Pro,39,3000,36000,False,False,True,False,annual,True
S-d89bb6,A-96bbc6,2024-05-11,,Enterprise,6,1083,12996,False,False,False,False,monthly,False
S-7393a6,A-96bbc6,2024-06-12,,Pro,9,569,6828,False,False,False,False,monthly,True
S-37e857,A-96bbc6,2024-06-21,,Enterprise,72,14763,177156,False,False,False,False,monthly,True
S-9280d9,A-96bbc6,2024-05-27,,Basic,47,0,0,True,False,False,False,monthly,True
S-17ef24,A-bc4d48,2024-08-16,,Enterprise,14,2413,28956,False,False,True,False,monthly,True
S-25db45,A-b30291,2024-06-04,,Pro,34,2847,34164,False,False,False,False,monthly,True
S-9976e8,A-b30291,2024-05-25,,Enterprise,35,4405,52860,False,False,False,False,annual,False
S-cf5cd3,A-b30291,2024-06-04,,Pro,46,3285,39420,False,False,False,False,monthly,True
S-329cc6,A-b30291,2024-05-25,,Basic,37,1209,14508,False,True,False,False,monthly,True
S-b0a7df,A-b30291,2024-07-15,,Pro,98,6452,77424,False,False,False,False,monthly,False
S-89e528,A-cdf020,2023-11-02,2024-06-23,Enterprise,21,2746,32952,False,False,True,True,annual,False
S-5ac849,A-cdf020,2024-02-05,2024-06-22,Enterprise,9,0,0,True,False,False,True,monthly,False
S-72c58e,A-cdf020,2023-09-17,2024-06-21,Pro,50,3379,40548,False,False,False,True,annual,True
S-36264e,A-e6afc1,2023-03-16,2023-11-19,Enterprise,25,0,0,True,False,False,True,annual,True
S-4927da,A-e6afc1,2023-05-14,,Pro,41,2680,32160,False,False,False,False,monthly,False
S-4fc6f2,A-e3bd71,2024-08-23,,Enterprise,39,4878,58536,False,True,False,False,monthly,True
S-5efd33,A-e3bd71,2024-05-19,,Basic,35,1061,12732,False,False,False,False,annual,True
S-a0ffcf,A-e3bd71,2023-06-29,2024-03-30,Basic,39,1921,23052,False,False,False,True,monthly,True
S-3e414c,A-e3bd71,2023-04-15,,Enterprise,18,3332,39984,False,False,False,False,monthly,True
S-f93988,A-e3bd71,2023-11-05,,Pro,22,1585,19020,False,False,False,False,annual,True
S-525e60,A-b179bf,2024-11-04,,Enterprise,22,2887,34644,False,False,False,False,monthly,False
S-579a62,A-b179bf,2024-11-29,,Basic,9,284,3408,False,False,True,False,annual,False
S-70875a,A-b179bf,2024-11-13,,Pro,1,69,828,False,False,True,False,annual,True
S-c48886,A-098560,2024-03-14,,Enterprise,33,5646,67752,False,False,False,False,monthly,True
S-3200c1,A-098560,2023-12-20,,Pro,16,1468,17616,False,False,False,False,monthly,True
S-de3756,A-82861f,2024-07-20,,Pro,41,3914,46968,False,False,False,False,annual,True
S-55a626,A-94c3cd,2024-01-23,,Pro,17,1472,17664,False,False,False,False,annual,True
S-ff09f3,A-94c3cd,2024-05-21,,Pro,26,2087,25044,False,False,False,False,monthly,True
S-135e45,A-a33200,2024-10-13,,Enterprise,50,10357,124284,False,False,False,False,monthly,True
S-46f179,A-034368,2023-11-26,,Basic,20,656,7872,False,False,False,False,annual,True
S-10f435,A-034368,2024-02-14,,Basic,34,1462,17544,False,False,False,False,annual,True
S-120874,A-034368,2023-12-17,,Enterprise,44,7706,92472,False,False,False,False,annual,False
S-e401b8,A-b54c01,2024-10-23,,Pro,41,3600,43200,False,False,False,False,monthly,True
S-4336ba,A-b54c01,2024-11-17,,Basic,42,1343,16116,False,False,False,False,annual,True
S-b08c39,A-d82ef9,2024-08-17,2024-10-08,Pro,22,0,0,True,False,False,True,annual,True
S-0eb99a,A-d82ef9,2024-08-25,,Pro,20,1503,18036,False,False,False,False,annual,True
S-6f3ccd,A-bb2f49,2023-06-07,,Basic,29,867,10404,False,False,False,False,annual,True
S-17a9ba,A-bb2f49,2023-09-09,2023-10-22,Enterprise,32,4110,49320,False,False,False,True,annual,True
S-3d7f88,A-bb2f49,2024-02-20,,Enterprise,110,22445,269340,False,False,False,False,monthly,True
S-9de980,A-bb2f49,2023-07-20,,Basic,58,0,0,True,False,False,False,monthly,False
S-1b56a3,A-bb2f49,2023-06-19,,Pro,10,913,10956,False,False,False,False,annual,True
S-50c839,A-1f559b,2024-01-12,,Basic,17,492,5904,False,False,False,False,annual,True
S-2c34eb,A-1f559b,2023-11-22,,Pro,16,1347,16164,False,False,False,False,annual,False
S-a9834f,A-1f559b,2024-01-02,,Pro,39,2304,27648,False,False,False,False,monthly,True
S-ebec6b,A-5a215a,2024-02-18,,Enterprise,50,10362,124344,False,False,False,False,monthly,False
S-c2e757,A-5a215a,2024-02-08,,Basic,23,1038,12456,False,False,True,False,monthly,False
S-558f63,A-5a215a,2024-01-23,,Basic,5,187,2244,False,False,False,False,monthly,True
S-c48434,A-3f9cc0,2024-06-08,,Pro,21,1354,16248,False,False,False,False,monthly,True
S-5fab00,A-3f9cc0,2024-06-20,,Basic,36,1320,15840,False,False,False,False,annual,False
S-5e0cd4,A-f9cc74,2024-10-20,,Pro,6,469,5628,False,False,False,False,annual,True
S-121dca,A-f9cc74,2024-10-15,,Enterprise,23,0,0,True,False,False,False,monthly,True
S-1fad63,A-f9cc74,2024-11-10,,Basic,49,1842,22104,False,False,True,False,monthly,True
S-d02218,A-ed510f,2024-02-22,,Enterprise,1,163,1956,False,False,False,False,monthly,True
S-3fe2d0,A-5c9849,2024-11-23,,Enterprise,27,3461,41532,False,False,False,False,annual,False
S-4a312a,A-5c9849,2024-11-26,,Basic,16,790,9480,False,False,False,False,annual,True
S-333eec,A-a7bd4b,2023-04-12,2023-12-22,Basic,52,2033,24396,False,False,False,True,monthly,True
S-04e803,A-d4ac0e,2024-07-07,,Basic,17,503,6036,False,False,False,False,annual,True
S-de6213,A-d4ac0e,2024-06-11,,Basic,13,477,5724,False,False,True,False,annual,True
S-cd4fef,A-d4ac0e,2024-07-19,2024-12-23,Pro,35,2250,27000,False,False,False,True,monthly,True
S-c9fbd6,A-ffdfd5,2024-06-30,,Basic,53,0,0,True,False,False,False,monthly,False
S-3965b9,A-ffdfd5,2024-06-12,,Basic,63,2390,28680,False,False,False,False,annual,True
S-538533,A-ffdfd5,2024-05-31,,Basic,8,365,4380,False,False,False,False,monthly,False
S-a6510b,A-0dbdc6,2023-06-14,,Pro,43,3387,40644,False,False,True,False,monthly,False
S-f5d949,A-7cfe77,2024-07-16,,Basic,39,1911,22932,False,False,False,False,monthly,True
S-25bd3e,A-7cfe77,2024-08-10,2024-09-23,Basic,27,987,11844,False,False,False,True,annual,False
S-93ce41,A-7cfe77,2024-07-22,2024-09-29,Enterprise,18,2562,30744,False,False,True,True,monthly,True
S-4c0450,A-7cfe77,2024-07-29,,Basic,13,376,4512,False,False,False,False,annual,True
S-9c2efd,A-7cfe77,2024-07-18,2024-09-19,Basic,37,1285,15420,False,False,False,True,monthly,True
S-b73e87,A-1f0636,2024-03-28,,Basic,35,1611,19332,False,False,True,False,monthly,True
S-636c86,A-1f0636,2024-04-01,2024-07-01,Enterprise,7,0,0,True,True,False,True,annual,False
S-16362f,A-1f0636,2024-03-04,,Pro,14,1249,14988,False,False,False,False,monthly,True
S-21a5f6,A-40de06,2023-06-10,2023-12-09,Basic,30,1011,12132,False,True,False,True,annual,True
S-adfc9d,A-40de06,2023-06-20,,Pro,11,829,9948,False,True,False,False,annual,True
S-4dd61a,A-40de06,2024-07-20,,Basic,29,997,11964,False,True,False,False,monthly,False
S-10f9ae,A-cb5333,2024-04-10,2024-07-22,Enterprise,9,1787,21444,False,False,True,True,monthly,False
S-ef25c0,A-cb5333,2024-06-05,,Enterprise,65,8545,102540,False,True,False,False,monthly,False
S-3852e7,A-cb5333,2024-03-31,2024-07-22,Basic,11,505,6060,False,True,False,True,annual,False
S-6aa7e4,A-cb5333,2024-05-01,2024-07-23,Pro,17,983,11796,False,False,False,True,annual,True
S-dd0c27,A-309e54,2024-12-09,,Pro,10,906,10872,False,True,False,False,annual,True
S-e38c71,A-6e7827,2023-09-13,,Pro,19,1176,14112,False,False,False,False,annual,True
S-1800f8,A-6e7827,2023-07-16,,Basic,6,0,0,True,False,False,False,monthly,True
S-71c83c,A-50bb9f,2024-07-16,,Basic,71,2380,28560,False,False,False,False,annual,True
S-3884eb,A-50bb9f,2024-07-20,,Enterprise,57,0,0,True,True,False,False,monthly,True
S-425786,A-50bb9f,2024-07-12,,Basic,38,1729,20748,False,False,False,False,annual,False
S-0a658d,A-50bb9f,2024-07-19,,Pro,11,0,0,True,True,False,False,monthly,True
S-0fa80b,A-50bb9f,2024-09-06,,Pro,28,2633,31596,False,True,False,False,annual,True
S-b8cdd5,A-5fe118,2024-11-14,,Pro,2,127,1524,False,False,False,False,monthly,True
S-a0824a,A-5fe118,2024-11-27,,Pro,21,1944,23328,False,False,False,False,annual,False
S-6d1fb6,A-5fe118,2024-11-23,,Enterprise,43,9098,109176,False,True,False,False,monthly,False
S-006984,A-5fe118,2024-11-16,,Basic,25,1151,13812,False,False,False,False,monthly,True
S-a9557b,A-5fe118,2024-11-21,,Basic,22,694,8328,False,False,False,False,monthly,True
S-92e3a0,A-5247b3,2024-08-25,,Enterprise,48,6444,77328,False,True,False,False,annual,True
S-49d90f,A-5247b3,2024-04-21,,Pro,11,966,11592,False,False,False,False,annual,True
S-451b73,A-f44180,2023-10-11,2024-01-31,Pro,59,4631,55572,False,False,False,True,annual,True
S-a38acb,A-f44180,2024-04-21,,Basic,29,1024,12288,False,False,False,False,monthly,True
S-903988,A-f44180,2023-10-24,,Enterprise,12,2178,26136,False,False,True,False,monthly,False
S-be8274,A-c16cf7,2024-11-05,2024-11-15,Basic,43,1671,20052,False,True,True,True,monthly,False
S-898942,A-d42431,2024-09-26,,Basic,53,1529,18348,False,False,False,False,annual,True
S-d63f05,A-d42431,2024-07-08,,Basic,18,718,8616,False,False,False,False,annual,True
S-b6d5a6,A-d42431,2024-06-15,,Pro,12,962,11544,False,False,False,False,annual,True
S-77fc56,A-6965e1,2024-12-07,,Enterprise,47,0,0,True,False,False,False,monthly,False
S-6b9866,A-0354fe,2024-12-07,,Pro,27,2362,28344,False,False,False,False,monthly,True
S-8df03a,A-0a62f5,2024-10-02,,Enterprise,18,2937,35244,False,False,False,False,monthly,False
S-296388,A-0a62f5,2024-11-08,,Basic,27,876,10512,False,False,False,False,monthly,False
S-bdf7bc,A-f5641b,2024-04-24,2024-08-22,Pro,25,1502,18024,False,False,False,True,monthly,True
S-fa3533,A-f5641b,2024-05-30,2024-08-20,Pro,28,1756,21072,False,False,False,True,annual,False
S-47c422,A-b44e3e,2024-07-14,,Pro,29,2620,31440,False,False,True,False,monthly,False
S-366657,A-3b37d9,2023-02-27,2023-10-12,Basic,11,354,4248,False,False,True,True,monthly,True
S-a0e422,A-3b37d9,2023-03-09,2023-10-09,Basic,5,238,2856,False,False,True,True,annual,True
S-88173e,A-54d94a,2023-12-07,,Enterprise,16,2240,26880,False,False,False,False,monthly,True
S-4f9f82,A-54d94a,2023-07-24,2024-06-06,Pro,23,1756,21072,False,True,False,True,annual,False
S-a7d621,A-54d94a,2023-05-13,2024-06-11,Pro,21,0,0,True,False,True,True,monthly,False
S-b3a21b,A-7f29a7,2024-09-30,,Pro,29,1984,23808,False,False,False,False,annual,True
S-590314,A-7f29a7,2024-10-08,,Pro,30,2006,24072,False,False,True,False,monthly,False
S-4537e1,A-089363,2023-11-22,,Enterprise,56,0,0,True,False,False,False,annual,True
S-e69abf,A-089363,2023-08-03,,Pro,53,4155,49860,False,True,False,False,annual,True
S-f1688f,A-089363,2024-03-10,,Enterprise,79,10343,124116,False,False,False,False,monthly,False
S-a6ebca,A-089363,2023-05-29,,Enterprise,35,6348,76176,False,False,False,False,monthly,True
S-1fb245,A-524364,2024-12-31,,Pro,22,0,0,True,False,False,False,monthly,False
S-4983b4,A-524364,2024-12-31,,Pro,33,2139,25668,False,False,False,False,monthly,True
S-2f53bc,A-855a48,2024-05-16,,Pro,63,5634,67608,False,False,False,False,monthly,True
S-20d876,A-855a48,2024-02-27,,Basic,20,748,8976,False,False,True,False,annual,False
S-9a14f2,A-756192,2023-07-17,2023-10-03,Pro,3,195,2340,False,False,False,True,annual,True
S-e639a5,A-49b828,2024-01-25,,Pro,7,428,5136,False,False,False,False,monthly,True
S-c1199b,A-49b828,2024-05-26,,Pro,38,0,0,True,False,False,False,monthly,True
S-de88ef,A-c7ffc2,2023-05-14,2024-05-03,Enterprise,26,0,0,True,False,False,True,monthly,True
S-08e0fb,A-c7ffc2,2023-08-17,2024-04-30,Basic,14,0,0,True,False,False,True,monthly,True
S-2a659b,A-c7ffc2,2023-03-21,2024-04-26,Enterprise,38,5188,62256,False,False,False,True,annual,True
S-e62d5c,A-751c58,2024-08-16,,Pro,33,1839,22068,False,False,False,False,annual,True
S-c0619c,A-751c58,2024-11-29,,Pro,25,1743,20916,False,False,False,False,annual,False
S-85f125,A-751c58,2024-09-04,,Enterprise,21,0,0,True,False,False,False,annual,True
S-fe9fe9,A-751c58,2024-08-25,,Basic,106,3777,45324,False,False,False,False,annual,False
S-1ea2d6,A-751c58,2024-07-24,,Pro,9,685,8220,False,False,False,False,annual,False
S-c4077d,A-72799b,2024-02-28,,Pro,24,2199,26388,False,True,False,False,annual,False
S-1e2eb5,A-72799b,2023-12-02,2024-11-06,Basic,19,884,10608,False,False,False,True,monthly,True
S-f5a015,A-72799b,2024-04-23,,Basic,10,466,5592,False,True,False,False,monthly,True
S-33692c,A-72799b,2024-01-28,,Basic,57,2400,28800,False,False,False,False,annual,True
S-dd3e21,A-812c5b,2024-05-02,,Pro,29,2685,32220,False,False,True,False,annual,True
S-bc266b,A-812c5b,2024-05-18,,Basic,21,0,0,True,False,False,False,monthly,True
S-891f8a,A-812c5b,2024-03-14,2024-06-28,Basic,48,2115,25380,False,False,False,True,annual,True
S-73a438,A-812c5b,2024-08-02,,Enterprise,33,5439,65268,False,False,False,False,annual,True
S-5ea505,A-69b156,2024-01-12,,Enterprise,33,5971,71652,False,False,False,False,monthly,True
S-134a12,A-69b156,2024-01-23,,Pro,17,1394,16728,False,False,False,False,annual,True
S-0ef474,A-69b156,2023-12-02,,Basic,40,1727,20724,False,False,False,False,monthly,True
S-884a0a,A-69b156,2024-03-03,,Pro,11,770,9240,False,False,False,False,monthly,True
S-c0bbfc,A-075038,2023-08-18,,Enterprise,34,6828,81936,False,True,False,False,monthly,True
S-0129ba,A-075038,2024-06-23,,Enterprise,43,9180,110160,False,False,False,False,annual,True
S-531544,A-940b8b,2024-04-21,,Enterprise,26,0,0,True,False,False,False,monthly,True
S-14d3e1,A-940b8b,2024-05-13,,Pro,41,3831,45972,False,False,False,False,monthly,True
S-a16fc8,A-940b8b,2024-04-11,,Enterprise,39,0,0,True,True,False,False,monthly,False
S-aac981,A-2d1036,2024-09-11,,Enterprise,47,6824,81888,False,False,False,False,monthly,True
S-f9429c,A-0f6450,2024-12-28,,Basic,7,293,3516,False,False,False,False,monthly,True
S-cee9f1,A-0f6450,2024-12-29,,Basic,22,1053,12636,False,False,False,False,monthly,True
S-67b44e,A-0f6450,2024-12-28,,Basic,43,1770,21240,False,False,False,False,monthly,True
S-aa2869,A-9affe6,2023-08-16,,Pro,67,5677,68124,False,False,False,False,annual,True
S-e4ca7f,A-80eeb6,2023-11-15,,Basic,36,1708,20496,False,False,False,False,monthly,False
S-2a6a2b,A-80eeb6,2023-09-16,,Basic,25,1031,12372,False,False,False,False,monthly,True
S-15ea75,A-d4e0d4,2024-10-18,,Enterprise,9,1604,19248,False,False,False,False,monthly,True
S-11b417,A-d4e0d4,2024-10-24,2024-11-21,Enterprise,68,11347,136164,False,False,False,True,monthly,False
S-6f3423,A-c7e58b,2023-08-02,,Pro,77,5547,66564,False,False,False,False,monthly,True
S-83bd73,A-c7e58b,2024-07-25,,Pro,8,491,5892,False,True,False,False,monthly,True
S-dfeecb,A-c7e58b,2023-08-04,,Basic,17,814,9768,False,False,False,False,annual,True
S-f5e0d5,A-016043,2024-08-17,2024-09-21,Enterprise,88,18234,218808,False,False,False,True,monthly,True
S-4a2fb0,A-016043,2024-07-31,2024-09-22,Basic,91,2787,33444,False,False,False,True,monthly,True
S-d1dda9,A-bbe56f,2023-06-04,,Basic,32,1169,14028,False,False,False,False,annual,False
S-ddb2a3,A-7c5768,2024-05-07,,Enterprise,6,860,10320,False,True,False,False,annual,True
S-027f01,A-7c5768,2024-08-25,,Pro,8,651,7812,False,False,False,False,monthly,False
S-138d0c,A-751bd4,2024-08-05,,Pro,33,1949,23388,False,False,False,False,annual,False
S-e17db2,A-751bd4,2024-08-01,2024-11-22,Pro,41,2891,34692,False,False,False,True,monthly,True
S-27df78,A-751bd4,2024-08-27,2024-11-19,Basic,19,578,6936,False,False,False,True,annual,False
S-87a489,A-4e0e85,2023-09-10,,Basic,21,822,9864,False,False,False,False,annual,True
S-9fbbc8,A-4e0e85,2023-09-13,,Basic,42,1549,18588,False,True,False,False,annual,False
S-48ee57,A-4e0e85,2023-11-21,,Basic,36,1205,14460,False,False,False,False,annual,False
S-404150,A-ad3abd,2023-05-03,,Pro,46,4143,49716,False,False,False,False,annual,True
S-5bde88,A-ad3abd,2023-03-21,2024-02-20,Pro,72,6373,76476,False,False,False,True,annual,True
S-f81e9a,A-ad3abd,2023-04-04,2024-02-22,Basic,70,3452,41424,False,True,False,True,monthly,True
S-177d65,A-e19ff6,2023-08-16,2023-12-22,Basic,43,1359,16308,False,False,True,True,monthly,True
S-a0b037,A-7920cc,2023-12-24,2024-01-29,Pro,42,3276,39312,False,False,True,True,annual,True
S-306b34,A-5a92e7,2024-07-04,,Basic,19,861,10332,False,True,False,False,annual,True
S-af88d1,A-fdfc91,2023-06-26,2024-02-06,Basic,16,659,7908,False,False,False,True,annual,True
S-f769ee,A-fdfc91,2023-09-20,2024-02-04,Pro,16,1230,14760,False,False,True,True,monthly,True
S-c723d2,A-fdfc91,2023-08-08,,Pro,45,3673,44076,False,False,True,False,annual,True
S-76b5b8,A-1e50e0,2023-07-19,2024-03-18,Enterprise,4,677,8124,False,False,False,True,monthly,True
S-e2cbd7,A-1e50e0,2023-07-14,2024-03-26,Pro,12,797,9564,False,False,False,True,annual,True
S-58f3a3,A-1e50e0,2023-04-15,2024-03-26,Pro,60,3714,44568,False,False,False,True,annual,True
S-c6d21f,A-1e1b80,2023-10-31,,Pro,23,2140,25680,False,False,True,False,monthly,True
S-51d6e7,A-659280,2024-01-18,,Pro,14,838,10056,False,False,False,False,monthly,True
S-c9774b,A-f6b2fb,2024-05-31,,Basic,19,661,7932,False,False,False,False,annual,True
S-8066e6,A-cb6cc6,2023-04-21,,Pro,15,841,10092,False,False,False,False,monthly,False
S-91647e,A-cb6cc6,2023-04-22,,Enterprise,46,8314,99768,False,False,False,False,monthly,False
S-e49f37,A-cb6cc6,2023-04-17,2023-07-15,Basic,37,1684,20208,False,False,False,True,annual,True
S-807141,A-cb6cc6,2023-09-20,,Enterprise,12,1784,21408,False,False,False,False,annual,True
S-bd4071,A-d62e02,2024-09-15,2024-10-17,Enterprise,10,1895,22740,False,False,True,True,monthly,True
S-787892,A-d62e02,2024-09-08,,Enterprise,32,0,0,True,False,False,False,annual,True
S-aa2646,A-d535f6,2024-09-28,,Enterprise,20,3890,46680,False,False,True,False,monthly,False
S-c9e90b,A-d535f6,2024-11-10,,Basic,39,0,0,True,False,False,False,monthly,True
S-15ef2f,A-39868b,2024-10-11,,Pro,31,2718,32616,False,False,False,False,annual,True
S-fed119,A-39868b,2024-08-07,,Basic,60,1773,21276,False,True,False,False,monthly,True
S-14fe48,A-3cc791,2024-01-30,,Pro,28,1648,19776,False,False,True,False,annual,True
S-84369c,A-3cc791,2024-01-15,2024-08-03,Pro,10,833,9996,False,False,False,True,monthly,True
S-d0a90d,A-3cc791,2024-04-10,,Enterprise,8,1562,18744,False,True,False,False,annual,False
S-9ba536,A-3cc791,2024-02-01,2024-08-08,Pro,38,2399,28788,False,False,False,True,monthly,False
S-caa20a,A-3cc791,2024-01-16,2024-07-29,Pro,9,544,6528,False,True,False,True,monthly,False
S-f57f38,A-337bc1,2024-09-11,,Basic,16,727,8724,False,False,False,False,annual,True
S-145a47,A-337bc1,2024-07-03,,Basic,16,652,7824,False,False,True,False,annual,False
S-42caa9,A-337bc1,2023-08-05,,Basic,74,3131,37572,False,True,False,False,monthly,True
S-28b7b5,A-58b9ff,2024-09-07,,Enterprise,8,1064,12768,False,False,False,False,annual,True
S-86f24a,A-bf7919,2024-12-04,,Basic,10,413,4956,False,False,True,False,monthly,True
S-080853,A-bf7919,2024-12-17,,Pro,54,4204,50448,False,False,False,False,annual,True
S-75189a,A-1d5444,2024-01-24,,Enterprise,60,8582,102984,False,False,False,False,annual,True
S-ebcaac,A-1d5444,2024-03-19,,Pro,15,1129,13548,False,False,False,False,monthly,True
S-a8bf73,A-1d5444,2024-02-22,,Basic,12,393,4716,False,False,False,False,monthly,True
S-604e1e,A-1d5444,2024-02-21,,Basic,8,231,2772,False,False,False,False,monthly,True
S-857e19,A-0f3e88,2023-09-30,2024-08-19,Basic,34,1006,12072,False,False,False,True,annual,False
S-48ce4a,A-0f3e88,2023-11-15,2024-08-16,Pro,36,2191,26292,False,False,False,True,monthly,False
S-682d20,A-0f3e88,2023-08-04,,Basic,8,309,3708,False,False,False,False,monthly,False
S-c61a4f,A-7641d3,2023-04-26,,Enterprise,6,853,10236,False,False,False,False,annual,True
S-f8779e,A-7641d3,2023-08-15,,Pro,60,3665,43980,False,False,False,False,annual,True
S-a13a57,A-cd458b,2024-06-28,,Enterprise,34,4951,59412,False,False,False,False,annual,True
S-69313a,A-cd458b,2024-07-04,2024-07-20,Basic,55,2234,26808,False,True,False,True,annual,False
S-9c1229,A-c16b88,2024-01-28,,Pro,12,1014,12168,False,False,False,False,monthly,True
S-927099,A-c16b88,2024-07-12,,Pro,26,1656,19872,False,False,False,False,annual,False
S-01bed9,A-c16b88,2023-12-24,2024-05-20,Enterprise,14,1769,21228,False,False,False,True,monthly,True
S-8cde67,A-59f724,2023-12-20,,Pro,79,5149,61788,False,False,False,False,monthly,True
S-126c79,A-87aa7b,2024-08-16,2024-10-09,Basic,28,1314,15768,False,False,False,True,monthly,False
S-d75b56,A-1e6fc3,2024-03-15,,Enterprise,15,2065,24780,False,False,False,False,monthly,True
S-e64dac,A-39ddf4,2024-12-06,,Enterprise,24,4556,54672,False,False,False,False,monthly,True
S-5cf239,A-39ddf4,2024-12-18,,Pro,34,2783,33396,False,False,False,False,annual,True
S-b082fb,A-34ea2f,2024-09-17,,Basic,11,447,5364,False,False,False,False,monthly,True
S-f3c617,A-716841,2024-07-28,2024-11-12,Pro,12,879,10548,False,False,False,True,annual,False
S-78d4a3,A-716841,2024-05-28,2024-11-19,Basic,21,732,8784,False,False,True,True,monthly,True
S-e7c45f,A-716841,2024-05-15,2024-11-19,Pro,31,2400,28800,False,False,False,True,annual,False
S-3856bc,A-716841,2024-07-25,,Pro,9,813,9756,False,False,False,False,monthly,False
S-7a03ba,A-558c72,2023-12-23,,Basic,17,0,0,True,False,False,False,monthly,True
S-0e6476,A-b11cd0,2023-06-01,,Basic,13,628,7536,False,False,False,False,monthly,True
S-822fb5,A-cc1d8d,2024-12-13,,Basic,60,1801,21612,False,False,False,False,annual,True
S-dcbbfd,A-cc1d8d,2024-12-19,,Basic,44,1715,20580,False,True,False,False,annual,False
S-4b2812,A-7f4db3,2023-03-27,2024-03-17,Basic,20,695,8340,False,False,False,True,monthly,True
S-b52ff3,A-7f4db3,2023-08-07,2024-03-15,Enterprise,7,1250,15000,False,False,False,True,monthly,True
S-94cb6e,A-7f4db3,2023-03-18,2024-03-21,Basic,17,828,9936,False,False,False,True,annual,True
S-b27d81,A-7f4db3,2023-07-01,2024-03-21,Enterprise,7,901,10812,False,False,True,True,annual,True
S-c73de9,A-db5e9e,2024-11-22,,Basic,68,2179,26148,False,False,False,False,annual,True
S-b3be3f,A-cc102e,2024-05-13,,Basic,31,1522,18264,False,False,False,False,monthly,True
S-1717ad,A-82d8a6,2024-12-06,,Pro,41,3276,39312,False,False,False,False,monthly,True
S-2ef1fe,A-82d8a6,2024-12-20,,Enterprise,57,9552,114624,False,False,False,False,monthly,False
S-01b646,A-82d8a6,2024-11-29,,Basic,36,1280,15360,False,False,False,False,monthly,False
S-5f31dd,A-dec005,2023-12-29,,Basic,22,779,9348,False,False,False,False,monthly,False
S-ef0c46,A-dec005,2023-12-17,,Pro,11,719,8628,False,False,True,False,monthly,False
S-7f8319,A-dec005,2023-11-06,,Pro,26,1604,19248,False,False,True,False,monthly,True
S-dbe069,A-5790f4,2024-12-22,,Enterprise,36,7400,88800,False,False,False,False,annual,True
S-d5a39c,A-5790f4,2024-12-25,,Pro,11,0,0,True,False,False,False,annual,True
S-d77e85,A-7c83a1,2024-08-25,,Pro,27,1710,20520,False,False,False,False,annual,True
S-4bb822,A-7c83a1,2024-09-29,,Pro,22,1332,15984,False,False,False,False,monthly,False
S-30766e,A-7c83a1,2024-09-25,,Basic,99,2872,34464,False,False,False,False,annual,True
S-3c39dd,A-7c83a1,2024-07-05,,Basic,37,1148,13776,False,False,False,False,monthly,True
S-9366d6,A-297a2d,2023-08-23,,Enterprise,13,0,0,True,False,False,False,annual,True
S-df1e99,A-4c56c9,2024-07-14,,Basic,36,1080,12960,False,False,False,False,monthly,True
S-4583ba,A-4c56c9,2024-06-01,,Enterprise,46,0,0,True,False,False,False,monthly,False
S-038b4e,A-cbbe12,2023-12-03,,Basic,62,2075,24900,False,False,False,False,monthly,True
S-881ad3,A-4a267b,2024-05-20,,Pro,133,0,0,True,False,False,False,annual,True
S-8031cf,A-4a267b,2024-05-18,,Pro,68,6175,74100,False,False,False,False,annual,True
S-0b9b8f,A-4a267b,2024-05-31,,Basic,21,831,9972,False,False,False,False,annual,False
S-023c11,A-bcbe98,2024-08-30,,Basic,59,2794,33528,False,False,False,False,annual,True
S-b6b519,A-bcbe98,2024-11-19,,Enterprise,66,12863,154356,False,False,False,False,annual,True
S-17e23f,A-bcbe98,2024-09-14,,Basic,63,0,0,True,False,False,False,annual,True
S-45a20d,A-427b69,2024-09-11,,Pro,32,2193,26316,False,False,False,False,annual,True
S-ff08dd,A-427b69,2024-10-06,,Basic,11,364,4368,False,True,False,False,annual,True
S-572263,A-427b69,2024-08-24,,Basic,74,3086,37032,False,True,False,False,monthly,True
S-f18807,A-0be015,2024-11-11,,Pro,39,0,0,True,False,True,False,monthly,True
S-f1220e,A-0be015,2024-12-05,,Pro,6,350,4200,False,False,True,False,monthly,False
S-04df25,A-0be015,2024-11-24,,Pro,7,646,7752,False,False,False,False,monthly,True
S-23f592,A-054577,2024-07-29,,Pro,27,2213,26556,False,True,False,False,annual,True
S-459e3a,A-054577,2024-08-22,2024-09-30,Enterprise,19,4068,48816,False,False,False,True,annual,True
S-7c5697,A-054577,2024-09-25,,Pro,23,1711,20532,False,False,False,False,annual,True
S-c05220,A-bc87bc,2024-08-31,,Basic,12,468,5616,False,False,False,False,monthly,True
S-53c8ce,A-0f7d77,2024-10-30,2024-11-10,Enterprise,74,14784,177408,False,False,True,True,annual,True
S-c6f6d2,A-0f7d77,2024-10-28,2024-11-04,Enterprise,32,6347,76164,False,False,True,True,monthly,True
S-f4a535,A-e7beab,2023-12-20,2024-01-20,Basic,3,88,1056,False,False,False,True,monthly,True
S-913e1b,A-e7beab,2023-12-05,2024-01-04,Pro,58,4368,52416,False,False,True,True,monthly,False
S-4556bc,A-e7beab,2024-02-01,,Enterprise,41,7631,91572,False,False,True,False,monthly,False
S-520be0,A-a09355,2024-09-01,,Basic,59,2526,30312,False,False,False,False,monthly,True
S-933d44,A-a09355,2024-08-12,2024-11-14,Basic,3,0,0,True,False,False,True,monthly,True
S-1eee33,A-31ab9a,2024-03-10,,Pro,17,1220,14640,False,False,False,False,monthly,True
S-f940cc,A-31ab9a,2024-03-30,2024-10-26,Basic,32,1423,17076,False,False,False,True,annual,True
S-077755,A-0158bb,2024-06-09,,Enterprise,12,0,0,True,False,False,False,annual,False
S-5ef1b9,A-0158bb,2024-06-02,,Basic,31,1226,14712,False,False,False,False,annual,True
S-42c52f,A-0158bb,2024-08-28,,Pro,17,1112,13344,False,True,False,False,annual,False
S-e66631,A-f19b24,2023-01-30,,Enterprise,32,6484,77808,False,False,False,False,monthly,False
S-4620ee,A-f19b24,2023-01-13,,Pro,5,480,5760,False,False,False,False,monthly,False
S-492ed2,A-f19b24,2023-01-21,2023-02-13,Pro,41,3814,45768,False,False,True,True,annual,True
S-3515ab,A-798a3f,2023-11-01,2024-04-03,Pro,96,5627,67524,False,False,False,True,annual,True
S-05dd9b,A-798a3f,2023-12-06,2024-03-30,Enterprise,10,1290,15480,False,False,True,True,annual,False
S-3d7b42,A-42b791,2024-07-30,,Basic,24,1186,14232,False,False,False,False,annual,False
S-889cc4,A-42b791,2024-05-26,,Enterprise,2,335,4020,False,False,False,False,annual,True
S-71c218,A-068fc6,2024-05-23,,Pro,38,0,0,True,True,False,False,monthly,False
S-e622da,A-068fc6,2023-10-26,,Pro,33,0,0,True,False,False,False,annual,False
S-7e1953,A-6f50ae,2024-04-06,,Pro,65,0,0,True,False,False,False,monthly,True
S-efd2b5,A-6f50ae,2024-05-30,,Enterprise,12,1926,23112,False,False,False,False,annual,True
S-639d38,A-6f50ae,2024-01-12,,Pro,62,0,0,True,False,False,False,monthly,False
S-aa40d9,A-6f50ae,2024-01-23,,Basic,36,0,0,True,True,False,False,monthly,True
S-b864ad,A-a2485e,2024-09-07,,Pro,27,2533,30396,False,False,False,False,monthly,True
S-50293d,A-a2485e,2024-08-23,,Basic,14,649,7788,False,False,False,False,annual,True
S-4737ac,A-bb1eaa,2024-09-17,,Pro,31,2287,27444,False,False,False,False,monthly,True
S-b875fb,A-bb1eaa,2024-06-11,,Basic,9,428,5136,False,False,False,False,annual,True
S-eb1475,A-bb1eaa,2024-06-16,,Enterprise,64,0,0,True,False,False,False,annual,True
S-e73962,A-bb1eaa,2024-06-21,,Pro,44,0,0,True,False,False,False,monthly,False
S-ffc5d4,A-cc98bc,2023-10-02,,Enterprise,23,4382,52584,False,True,False,False,monthly,False
S-ee25b3,A-cc98bc,2023-05-30,,Pro,9,504,6048,False,False,False,False,monthly,False
S-ca3c06,A-d77f4c,2024-06-22,,Pro,61,5483,65796,False,False,False,False,monthly,True
S-20b2b1,A-d77f4c,2024-03-14,,Pro,23,0,0,True,False,False,False,monthly,True
S-ef5799,A-d77f4c,2024-02-29,,Pro,9,516,6192,False,False,False,False,annual,True
S-0fe782,A-d77f4c,2024-04-29,2024-10-20,Pro,13,982,11784,False,False,False,True,monthly,True
S-b8441c,A-d77f4c,2023-10-19,,Basic,14,0,0,True,False,False,False,monthly,True
S-19d02c,A-ccabf0,2024-05-11,,Pro,13,1135,13620,False,True,False,False,annual,False
S-d14988,A-700ade,2024-11-03,,Enterprise,6,894,10728,False,False,False,False,annual,True
S-480d85,A-700ade,2024-11-24,,Pro,38,0,0,True,False,False,False,annual,False
S-556392,A-4a4c2d,2023-08-14,,Basic,14,691,8292,False,True,False,False,annual,True
S-5d9eac,A-4a4c2d,2023-11-05,,Pro,12,905,10860,False,False,False,False,monthly,True
S-185013,A-b7ef83,2024-08-02,,Enterprise,44,8233,98796,False,False,True,False,annual,True
S-060d9f,A-b7ef83,2024-08-05,,Enterprise,22,0,0,True,False,False,False,annual,True
S-11d6c3,A-e08cd3,2024-10-03,,Pro,30,2484,29808,False,False,False,False,annual,True
S-079103,A-e08cd3,2024-10-01,,Pro,56,4678,56136,False,False,True,False,annual,True
S-1ff076,A-e08cd3,2024-11-01,,Basic,19,688,8256,False,False,False,False,annual,False
S-0ad9ea,A-e08cd3,2024-09-27,,Pro,17,1629,19548,False,False,False,False,monthly,True
S-8fbcc0,A-19b2c8,2023-12-26,,Basic,86,4068,48816,False,False,False,False,annual,True
S-bb79d2,A-970c97,2024-03-02,2024-03-22,Basic,83,0,0,True,False,False,True,annual,False
S-8c4404,A-6dee43,2023-10-09,,Pro,6,458,5496,False,False,False,False,annual,False
S-5f1a1c,A-6dee43,2024-01-30,2024-10-08,Pro,7,479,5748,False,False,False,True,annual,True
S-76fb14,A-5ed98d,2024-07-02,,Enterprise,16,3432,41184,False,False,False,False,monthly,True
S-49da6b,A-5ed98d,2024-07-10,,Enterprise,45,7588,91056,False,False,False,False,annual,True
S-c18b93,A-5ed98d,2024-07-01,,Pro,18,1442,17304,False,False,False,False,annual,True
S-245e9d,A-c58f49,2024-08-13,,Basic,5,155,1860,False,False,False,False,monthly,True
S-0c396d,A-c58f49,2024-09-17,,Pro,70,6440,77280,False,False,False,False,monthly,True
S-a78bb9,A-c58f49,2024-08-25,,Pro,8,638,7656,False,False,True,False,annual,False
S-bc05e5,A-9c18c4,2023-08-13,,Pro,69,3983,47796,False,False,False,False,monthly,True
S-d84571,A-9c18c4,2023-09-01,,Pro,10,723,8676,False,False,True,False,annual,True
S-4aef6c,A-cc8c8f,2024-07-29,,Enterprise,26,4322,51864,False,False,False,False,monthly,False
S-6ce79d,A-cc8c8f,2024-11-04,,Enterprise,38,5065,60780,False,True,False,False,monthly,False
S-23a2c4,A-cc8c8f,2024-07-21,,Enterprise,30,4019,48228,False,False,False,False,monthly,True
S-5c8ca8,A-cc8c8f,2024-07-24,,Pro,107,0,0,True,False,False,False,annual,True
S-8cf08c,A-5f7781,2024-09-12,,Basic,25,1173,14076,False,False,False,False,annual,True
S-a7c724,A-5f7781,2024-09-22,,Enterprise,18,2606,31272,False,False,False,False,annual,True
S-0bf6bf,A-5f7781,2024-09-02,,Basic,6,207,2484,False,False,False,False,annual,True
S-6e0a2c,A-5f7781,2024-09-11,,Enterprise,10,0,0,True,False,False,False,annual,True
S-0d638f,A-e1b9cd,2023-03-29,2024-08-07,Basic,26,1034,12408,False,False,False,True,annual,True
S-24a1f8,A-ac85cd,2024-08-05,,Enterprise,8,1347,16164,False,True,False,False,monthly,True
S-f6d575,A-ac85cd,2024-09-20,,Enterprise,13,0,0,True,False,False,False,monthly,True
S-838d2c,A-d792a6,2023-04-24,,Pro,24,2287,27444,False,True,False,False,annual,True
S-d0a7a4,A-d792a6,2023-02-15,,Pro,62,3517,42204,False,False,False,False,monthly,True
S-3426dc,A-d792a6,2023-02-26,,Basic,13,0,0,True,False,False,False,annual,True
S-2810a4,A-ac9111,2023-12-12,,Pro,13,998,11976,False,False,False,False,monthly,True
S-b21b30,A-ac9111,2023-09-25,,Basic,4,115,1380,False,False,False,False,annual,False
S-cbe97a,A-ac9111,2023-09-30,,Basic,13,395,4740,False,False,False,False,annual,True
S-ca5ebe,A-18793f,2024-12-18,,Basic,40,1155,13860,False,False,False,False,monthly,True
S-87d9ce,A-18793f,2024-12-20,,Pro,23,1578,18936,False,False,False,False,annual,True
S-4329cf,A-9f0b68,2024-06-25,,Pro,10,839,10068,False,False,False,False,monthly,True
S-00a471,A-9f0b68,2024-09-29,,Enterprise,30,0,0,True,False,False,False,monthly,False
S-18be7a,A-d3c88e,2024-10-28,,Basic,8,315,3780,False,False,False,False,monthly,True
S-d63d04,A-d3c88e,2024-10-21,,Enterprise,33,6454,77448,False,False,False,False,annual,True
S-2a45a4,A-ccb686,2024-05-16,,Pro,74,5429,65148,False,False,False,False,monthly,False
S-571efb,A-118f1c,2024-10-31,2024-11-12,Basic,15,605,7260,False,False,False,True,annual,False
S-1752e6,A-118f1c,2024-11-05,2024-11-06,Pro,23,1911,22932,False,False,False,True,monthly,True
S-ab55fd,A-118f1c,2024-11-06,,Basic,42,1483,17796,False,True,False,False,annual,False
S-88030c,A-118f1c,2024-11-11,2024-11-12,Enterprise,37,5203,62436,False,False,False,True,monthly,False
S-f245c6,A-118f1c,2024-11-03,,Enterprise,23,3437,41244,False,False,False,False,annual,False
S-092ad1,A-0e966d,2024-07-13,,Basic,99,2898,34776,False,False,False,False,monthly,True
S-fa032e,A-0e966d,2024-08-08,,Pro,10,728,8736,False,False,False,False,monthly,True
S-b5856a,A-b9f5b1,2023-04-18,2024-07-23,Enterprise,51,7178,86136,False,False,False,True,monthly,True
S-3cff26,A-b9f5b1,2023-05-13,2024-07-29,Pro,44,4010,48120,False,False,False,True,monthly,True
S-4a5628,A-8ae3fc,2024-08-09,,Pro,38,2890,34680,False,False,False,False,monthly,True
S-885c92,A-55f257,2024-02-18,2024-08-03,Basic,71,3447,41364,False,False,False,True,monthly,True
S-5a15d7,A-55f257,2024-01-03,,Pro,13,0,0,True,False,False,False,annual,False
S-8a5d07,A-55f257,2024-02-01,2024-07-30,Pro,68,5696,68352,False,False,True,True,annual,False
S-93c1aa,A-55f257,2024-04-27,2024-07-27,Enterprise,46,9528,114336,False,False,True,True,annual,False
S-c329fc,A-55f257,2024-04-20,2024-07-31,Basic,13,528,6336,False,False,False,True,annual,True
S-364c86,A-d26ab4,2024-12-13,,Enterprise,29,5408,64896,False,False,False,False,annual,True
S-0a703b,A-d26ab4,2024-11-27,,Enterprise,21,4064,48768,False,False,False,False,annual,False
S-b7cb93,A-d26ab4,2024-11-09,,Pro,46,4420,53040,False,False,False,False,monthly,True
S-6d4ad8,A-d26ab4,2024-11-19,,Enterprise,29,0,0,True,False,True,False,monthly,False
S-837018,A-712533,2023-08-09,,Basic,24,793,9516,False,False,True,False,annual,True
S-3557b7,A-712533,2023-07-31,2023-08-23,Pro,23,1988,23856,False,True,False,True,monthly,False
S-d7ff6c,A-781cc0,2024-10-18,,Pro,9,652,7824,False,False,True,False,monthly,True
S-7ec55e,A-781cc0,2024-10-02,,Pro,28,2055,24660,False,False,False,False,monthly,False
S-8ba23e,A-781cc0,2024-10-30,,Pro,19,1554,18648,False,True,False,False,annual,True
