ticket_id,account_id,submitted_at,closed_at,resolution_time_hours,priority,first_response_time_minutes,satisfaction_score,escalation_flag
T-88117f,A-44dc83,2024-06-27 13:44:00,2024-06-28 11:37:33,21.9,medium,62,,False
T-6879a3,A-44dc83,2024-06-25 10:43:00,2024-06-26 09:04:16,22.4,high,30,5.0,False
T-2f6491,A-44dc83,2024-11-18 15:21:00,2024-11-19 13:48:28,22.5,low,43,5.0,False
T-27382e,A-6dee43,2024-09-21 09:03:00,2024-09-22 13:29:13,28.4,low,147,2.0,False
T-963773,A-6dee43,2024-09-19 08:41:00,2024-09-20 07:59:47,23.3,medium,86,4.0,False
T-a3693d,A-ce66f8,2024-11-28 16:26:00,2024-11-30 08:18:11,39.9,low,58,3.0,False
T-27cc91,A-ce66f8,2024-12-29 16:16:00,2024-12-30 22:31:56,30.3,high,140,3.0,False
T-6c7a32,A-ce66f8,2024-10-03 11:33:00,2024-10-05 22:34:16,59.0,urgent,148,,False
T-c4404e,A-ce66f8,2023-12-03 09:11:00,2023-12-04 15:17:29,30.1,urgent,180,,False
T-72f769,A-ce66f8,2024-10-23 19:20:00,2024-10-26 10:54:00,63.6,urgent,104,2.0,True
T-245740,A-ce66f8,2024-04-07 15:19:00,2024-04-08 16:05:50,24.8,urgent,128,,False
T-b56945,A-ce66f8,2024-06-13 13:23:00,2024-06-16 13:23:00,72.0,urgent,107,3.0,False
T-27cfa7,A-503d5a,2024-04-21 17:08:00,2024-04-23 06:12:39,37.1,high,81,2.0,False
T-efc62b,A-503d5a,2024-04-21 20:48:00,2024-04-23 07:56:20,35.1,medium,69,,True
T-cae9fa,A-503d5a,2024-04-12 09:04:00,2024-04-14 20:06:27,59.0,medium,96,4.0,False
T-8bfb68,A-503d5a,2024-05-25 14:31:00,2024-05-27 00:36:07,34.1,urgent,10,,False
T-32c8a2,A-503d5a,2024-01-31 09:51:00,2024-02-01 05:58:23,20.1,high,180,,False
T-96864a,A-503d5a,2024-11-02 16:37:00,2024-11-04 19:09:16,50.5,medium,68,,False
T-3320aa,A-503d5a,2024-05-25 19:46:00,2024-05-28 09:10:29,61.4,low,91,2.0,True
T-d9e222,A-503d5a,2024-07-29 18:21:00,2024-07-30 12:59:52,18.6,high,51,,False
T-a066a8,A-f51f16,2024-12-03 18:08:00,2024-12-04 05:40:31,11.5,low,37,,False
T-ceae35,A-f51f16,2024-01-09 18:34:00,2024-01-10 18:51:49,24.3,urgent,80,4.0,False
T-aa493c,A-f51f16,2024-03-08 17:50:00,2024-03-10 14:02:31,44.2,high,32,,False
T-b595b2,A-ae052e,2024-09-15 07:13:00,2024-09-16 05:37:54,22.4,medium,63,,False
T-e45e20,A-ae052e,2024-05-15 11:45:00,2024-05-16 11:47:26,24.0,urgent,94,4.0,False
T-430c11,A-5a215a,2024-02-08 07:47:00,2024-02-09 09:31:18,25.7,urgent,27,4.0,False
T-fdc27d,A-5a215a,2024-06-18 18:26:00,2024-06-21 03:08:38,56.7,high,71,,False
T-e047b0,A-5a215a,2024-04-03 10:33:00,2024-04-04 21:40:07,35.1,urgent,21,,False
T-7d566d,A-5a215a,2024-09-03 17:14:00,2024-09-04 14:02:29,20.8,low,154,,False
T-dd5fdf,A-5a215a,2024-08-09 20:10:00,2024-08-11 02:41:25,30.5,high,117,2.0,False
T-73f098,A-5a215a,2024-11-18 17:10:00,2024-11-19 00:00:34,6.8,urgent,101,,True
T-67f712,A-7da956,2024-08-01 14:24:00,2024-08-04 14:24:00,72.0,urgent,109,2.0,False
T-e5cd77,A-7da956,2024-09-05 15:53:00,2024-09-06 20:39:12,28.8,urgent,83,2.0,False
T-ff17bd,A-7da956,2024-07-30 12:08:00,2024-07-31 16:51:06,28.7,urgent,174,,False
T-6eb2ef,A-7da956,2024-07-18 18:30:00,2024-07-21 18:30:00,72.0,medium,16,3.0,False
T-492865,A-7da956,2024-08-12 20:30:00,2024-08-13 11:52:43,15.4,low,80,2.0,False
T-06ffd8,A-7da956,2024-06-03 10:11:00,2024-06-05 17:48:31,55.6,high,146,,False
T-21ac2a,A-7da956,2024-09-01 14:46:00,2024-09-03 16:24:55,49.6,medium,44,,True
T-c114d5,A-e888d1,2023-08-03 10:47:00,2023-08-04 17:34:43,30.8,urgent,162,2.0,False
T-611312,A-ff3c73,2024-12-02 10:07:00,2024-12-02 22:48:59,12.7,medium,38,,False
T-ab0e65,A-ff3c73,2023-05-18 13:16:00,2023-05-19 00:50:42,11.6,medium,51,5.0,False
T-d20c59,A-ff3c73,2024-12-08 10:30:00,2024-12-08 23:23:22,12.9,low,112,,False
T-9f528e,A-544d0a,2024-09-16 13:19:00,2024-09-17 09:25:51,20.1,urgent,159,2.0,True
T-6b691e,A-544d0a,2024-10-07 17:06:00,2024-10-08 00:23:34,7.3,low,180,,False
T-bfc626,A-544d0a,2024-11-13 10:43:00,2024-11-15 11:00:24,48.3,urgent,55,2.0,False
T-e2f61b,A-69b156,2024-03-28 13:11:00,2024-03-30 05:32:36,40.4,urgent,48,,False
T-4a67ea,A-337bc1,2024-10-14 11:20:00,2024-10-17 06:22:44,67.0,high,129,,False
T-ea2025,A-337bc1,2023-12-21 08:44:00,2023-12-23 02:51:50,42.1,urgent,86,,False
T-47cca9,A-337bc1,2024-07-17 08:02:00,2024-07-17 17:21:10,9.3,urgent,69,2.0,False
T-823c49,A-337bc1,2023-10-02 08:50:00,2023-10-03 14:46:34,29.9,medium,53,3.0,True
T-1b49a3,A-337bc1,2024-06-09 17:31:00,2024-06-12 17:31:00,72.0,urgent,37,2.0,True
T-3c15d3,A-337bc1,2023-09-28 08:37:00,2023-09-29 17:08:55,32.5,low,98,,False
T-c105b0,A-337bc1,2024-11-26 10:54:00,2024-11-27 16:15:35,29.4,low,15,2.0,False
T-a1cbf7,A-337bc1,2023-10-26 15:30:00,2023-10-27 20:42:06,29.2,medium,78,4.0,False
T-9fb0cf,A-337bc1,2023-09-14 11:41:00,2023-09-16 03:40:18,40.0,urgent,122,,False
T-8f30e3,A-3a5ad8,2024-10-29 16:47:00,2024-11-01 00:45:07,56.0,urgent,136,2.0,True
T-de0a8b,A-3a5ad8,2024-03-09 08:09:00,2024-03-10 02:38:17,18.5,low,153,1.0,True
T-209d3c,A-3a5ad8,2024-12-02 13:46:00,2024-12-05 13:46:00,72.0,medium,180,,False
T-b20bb6,A-3a5ad8,2023-12-17 09:25:00,2023-12-18 22:27:03,37.0,high,180,2.0,False
T-094427,A-3a5ad8,2024-05-16 07:03:00,2024-05-18 13:48:11,54.8,urgent,71,1.0,False
T-121146,A-3a5ad8,2024-03-08 12:07:00,2024-03-10 01:10:37,37.1,low,61,,True
T-1c5a01,A-20736a,2024-05-03 18:45:00,2024-05-04 17:27:20,22.7,low,76,3.0,False
T-a5e298,A-20736a,2024-08-13 15:14:00,2024-08-14 13:22:57,22.1,medium,180,5.0,False
T-0435a2,A-c43359,2024-11-24 13:04:00,2024-11-26 12:13:56,47.2,low,128,3.0,False
T-c410ba,A-c43359,2024-11-16 07:39:00,2024-11-17 18:02:17,34.4,low,97,2.0,False
T-8080e3,A-c43359,2024-11-21 11:37:00,2024-11-21 21:47:59,10.2,high,84,,False
T-bb0702,A-c43359,2024-12-25 20:01:00,2024-12-27 04:40:41,32.7,high,100,,False
T-90d744,A-c43359,2024-11-19 17:16:00,2024-11-21 05:17:26,36.0,medium,12,4.0,False
T-50d46c,A-c43359,2024-12-29 18:27:00,2024-12-30 18:13:20,23.8,high,39,4.0,False
T-7d7df6,A-e351e1,2024-12-07 19:04:00,2024-12-08 06:32:49,11.5,high,42,2.0,False
T-076a2e,A-e351e1,2024-12-16 20:59:00,2024-12-18 07:08:55,34.2,low,180,5.0,False
T-c5146c,A-34d880,2024-06-20 15:55:00,2024-06-22 04:51:51,36.9,medium,114,2.0,False
T-d17861,A-34d880,2024-07-22 07:55:00,2024-07-23 10:58:04,27.1,low,100,,False
T-1ab38e,A-34d880,2024-06-25 18:56:00,2024-06-28 18:56:00,72.0,urgent,101,,False
T-ef9c77,A-34d880,2024-07-21 11:24:00,2024-07-22 20:38:50,33.2,medium,180,3.0,False
T-21e4f0,A-34d880,2024-06-29 17:40:00,2024-07-02 01:00:29,55.3,medium,31,,False
T-f037fb,A-34d880,2024-05-23 13:09:00,2024-05-24 02:27:26,13.3,medium,44,2.0,True
T-f79998,A-34d880,2024-04-22 19:38:00,2024-04-24 02:01:01,30.4,urgent,76,3.0,False
T-fccb8e,A-34d880,2024-05-05 14:45:00,2024-05-07 15:51:04,49.1,high,97,3.0,False
T-e2112a,A-89ee83,2024-11-12 20:51:00,2024-11-13 15:50:25,19.0,low,94,5.0,False
T-bb7961,A-89ee83,2024-12-19 20:55:00,2024-12-20 19:54:28,23.0,low,43,,False
T-80888a,A-794a0b,2024-08-19 13:07:00,2024-08-20 02:13:15,13.1,urgent,64,4.0,False
T-c39d8d,A-794a0b,2024-11-11 11:32:00,2024-11-12 06:16:49,18.7,urgent,32,3.0,True
T-6748db,A-794a0b,2023-10-13 08:08:00,2023-10-14 04:11:31,20.1,medium,54,,False
T-0b5fb9,A-702032,2023-11-07 20:47:00,2023-11-08 23:57:48,27.2,low,120,,False
T-2e9029,A-702032,2024-09-20 18:56:00,2024-09-21 02:10:18,7.2,low,20,,False
T-a7e7f9,A-702032,2024-11-26 09:48:00,2024-11-26 21:21:42,11.6,urgent,52,4.0,False
T-32324c,A-702032,2024-05-27 07:16:00,2024-05-30 07:16:00,72.0,low,104,,False
T-f5768e,A-1619f8,2024-08-29 07:39:00,2024-08-29 20:01:03,12.4,medium,40,4.0,False
T-e21d64,A-1619f8,2024-09-01 17:57:00,2024-09-04 00:21:06,54.4,medium,50,,True
T-05e778,A-1619f8,2024-12-22 10:17:00,2024-12-23 08:55:52,22.6,low,53,5.0,False
T-1daad9,A-1619f8,2024-12-05 08:58:00,2024-12-05 17:06:46,8.1,medium,26,4.0,False
T-5aed70,A-4e960a,2024-07-01 11:53:00,2024-07-04 01:50:57,62.0,low,180,3.0,False
T-b04578,A-4e960a,2024-02-29 08:07:00,2024-03-02 01:59:26,41.9,urgent,117,,False
T-499979,A-4e960a,2024-03-03 12:13:00,2024-03-06 12:13:00,72.0,urgent,151,,True
T-45edaf,A-4e960a,2024-02-18 09:00:00,2024-02-19 23:25:53,38.4,urgent,80,,False
T-b0c6a8,A-4e960a,2024-07-16 13:05:00,2024-07-17 23:44:06,34.7,high,26,2.0,False
T-2e5617,A-4e960a,2024-01-18 15:14:00,2024-01-19 19:41:50,28.5,medium,64,,False
T-26e162,A-a7bd4b,2023-11-14 08:49:00,2023-11-15 15:34:05,30.8,urgent,29,4.0,False
T-314aea,A-a7bd4b,2023-02-24 08:30:00,2023-02-27 01:52:04,65.4,medium,81,3.0,False
T-f3fb50,A-a7bd4b,2023-12-27 16:10:00,2023-12-28 21:12:54,29.0,low,28,3.0,True
T-5ad4fd,A-a7bd4b,2023-11-23 13:49:00,2023-11-26 04:41:12,62.9,low,33,,True
T-3aacd9,A-a7bd4b,2023-11-14 10:32:00,2023-11-15 01:58:26,15.4,high,71,,False
T-5fffbf,A-a7bd4b,2023-03-20 13:52:00,2023-03-21 12:05:00,22.2,medium,77,,False
T-812068,A-a7bd4b,2023-10-06 14:58:00,2023-10-07 15:24:56,24.4,urgent,53,3.0,False
T-0d0b3e,A-726cfa,2024-11-11 19:22:00,2024-11-13 19:40:49,48.3,low,93,,False
T-f8f6f4,A-726cfa,2023-12-24 08:46:00,2023-12-25 00:19:53,15.6,low,40,5.0,False
T-8a60c9,A-726cfa,2024-09-05 07:07:00,2024-09-06 23:49:51,40.7,low,180,,True
T-92949e,A-726cfa,2024-01-14 17:03:00,2024-01-16 23:27:12,54.4,urgent,104,3.0,False
T-dd7c61,A-726cfa,2023-07-22 10:09:00,2023-07-23 03:01:10,16.9,low,113,,False
T-76afd3,A-3cc791,2024-05-13 10:53:00,2024-05-15 09:00:38,46.1,urgent,41,2.0,True
T-c5dff6,A-3cc791,2024-05-21 18:19:00,2024-05-24 01:59:49,55.7,medium,40,3.0,False
T-f3fdc3,A-3cc791,2024-04-21 14:59:00,2024-04-23 20:00:09,53.0,low,53,2.0,False
T-741588,A-3cc791,2024-04-21 18:04:00,2024-04-24 18:04:00,72.0,urgent,80,3.0,True
T-7dd6b8,A-3cc791,2024-05-13 11:34:00,2024-05-16 05:09:09,65.6,urgent,75,3.0,False
T-d26017,A-3cc791,2024-01-18 16:44:00,2024-01-21 16:44:00,72.0,low,53,,False
T-959495,A-3cc791,2024-04-30 09:43:00,2024-04-30 17:21:06,7.6,low,38,2.0,False
T-69b239,A-3cc791,2024-01-19 20:22:00,2024-01-22 09:36:03,61.2,high,157,,False
T-f46e84,A-3cc791,2024-08-01 10:48:00,2024-08-02 08:33:17,21.8,urgent,102,,True
T-361e49,A-bc4d48,2024-08-15 11:53:00,2024-08-16 09:19:31,21.4,urgent,29,3.0,False
T-c5ee86,A-bc4d48,2024-09-19 19:47:00,2024-09-20 06:01:27,10.2,low,89,,False
T-3625b2,A-bc4d48,2024-11-15 13:26:00,2024-11-16 07:44:43,18.3,urgent,48,,False
T-b16525,A-7dacce,2024-09-11 07:11:00,2024-09-13 17:09:27,58.0,urgent,66,2.0,True
T-b3b5de,A-5c046d,2024-09-14 17:09:00,2024-09-15 18:05:38,24.9,medium,165,,False
T-dd1ca5,A-5c046d,2024-09-12 10:04:00,2024-09-13 22:54:22,36.8,high,130,3.0,False
T-dfcfe5,A-5c046d,2024-11-19 11:29:00,2024-11-21 03:46:51,40.3,urgent,58,4.0,False
T-980a34,A-5c046d,2024-09-06 09:02:00,2024-09-06 21:30:19,12.5,urgent,33,5.0,False
T-607162,A-fce879,2024-11-17 18:53:00,2024-11-19 09:05:02,38.2,low,69,,False
T-458040,A-fce879,2024-12-02 14:51:00,2024-12-04 23:08:03,56.3,medium,171,,False
T-335a19,A-fce879,2024-10-03 20:23:00,2024-10-04 20:31:02,24.1,low,105,3.0,False
T-162dd6,A-fce879,2024-12-28 14:08:00,2024-12-31 06:56:14,64.8,urgent,81,4.0,False
T-d1f48a,A-fce879,2024-10-22 16:19:00,2024-10-24 02:51:34,34.5,low,126,4.0,True
T-fa0a14,A-e4bf56,2024-12-15 12:43:00,2024-12-16 19:34:39,30.9,high,49,4.0,False
T-2e2c98,A-e4bf56,2024-11-19 14:41:00,2024-11-20 07:02:13,16.4,medium,130,2.0,False
T-c2fa9e,A-e4bf56,2024-12-05 18:20:00,2024-12-07 01:38:16,31.3,medium,69,3.0,False
T-702681,A-cd458b,2024-07-11 10:51:00,2024-07-13 06:10:24,43.3,high,140,,False
T-932f4d,A-cd458b,2024-07-30 10:24:00,2024-07-31 23:44:38,37.3,high,23,,False
T-9252d0,A-cd458b,2024-06-30 12:57:00,2024-07-03 12:57:00,72.0,medium,115,1.0,False
T-605887,A-cd458b,2024-06-20 11:55:00,2024-06-21 17:33:13,29.6,low,138,2.0,False
T-5505c0,A-51ec1b,2024-01-31 16:57:00,2024-02-01 03:07:49,10.2,urgent,29,5.0,False
T-2681d3,A-51ec1b,2024-02-22 14:14:00,2024-02-23 08:19:54,18.1,medium,33,5.0,False
T-ddc73f,A-2789e3,2024-11-16 17:16:00,2024-11-18 18:26:06,49.2,urgent,78,,False
T-a42913,A-2789e3,2024-09-25 15:40:00,2024-09-26 20:53:55,29.2,urgent,104,,False
T-044c2e,A-484819,2023-05-04 13:34:00,2023-05-06 17:56:09,52.4,medium,180,2.0,True
T-ad49ca,A-484819,2023-03-31 16:30:00,2023-04-01 21:30:58,29.0,high,85,2.0,False
T-60a52b,A-484819,2023-04-12 16:24:00,2023-04-15 10:33:05,66.2,high,180,3.0,False
T-388b3c,A-484819,2023-03-25 16:23:00,2023-03-26 03:33:40,11.2,urgent,164,4.0,True
T-390c5d,A-484819,2023-03-15 14:19:00,2023-03-18 14:19:00,72.0,low,79,3.0,True
T-0a7776,A-313be3,2024-10-19 09:14:00,2024-10-22 03:59:48,66.8,low,16,,False
T-8e58f8,A-313be3,2024-09-25 12:35:00,2024-09-25 23:52:54,11.3,medium,32,,False
T-04bbd3,A-313be3,2024-03-13 08:18:00,2024-03-15 14:52:45,54.6,high,66,,False
T-073302,A-313be3,2024-11-02 10:51:00,2024-11-03 18:35:05,31.7,high,74,4.0,False
T-46610f,A-313be3,2024-11-21 20:11:00,2024-11-22 21:50:34,25.7,medium,31,,False
T-6ca52d,A-faa28c,2024-11-27 07:40:00,2024-11-30 05:50:13,70.2,high,65,3.0,False
T-5f2165,A-faa28c,2024-03-27 09:05:00,2024-03-28 06:07:27,21.0,high,36,4.0,True
T-122355,A-faa28c,2024-02-26 11:17:00,2024-02-26 19:27:28,8.2,high,180,3.0,False
T-44334e,A-faa28c,2024-06-09 20:31:00,2024-06-12 02:26:37,53.9,medium,48,,False
T-655965,A-075038,2024-10-25 19:18:00,2024-10-26 12:14:59,16.9,medium,13,4.0,False
T-0b007e,A-5f2961,2024-12-14 15:44:00,2024-12-17 07:09:17,63.4,low,67,,False
T-cb45c5,A-5f2961,2024-12-28 10:22:00,2024-12-30 08:09:09,45.8,urgent,158,,True
T-387355,A-5f2961,2024-12-27 09:19:00,2024-12-29 07:11:15,45.9,urgent,109,1.0,False
T-4ea405,A-5f2961,2024-11-30 15:09:00,2024-12-02 12:51:23,45.7,medium,118,2.0,False
T-434749,A-5f2961,2024-12-26 07:15:00,2024-12-27 21:23:52,38.1,urgent,180,,False
T-eaefc5,A-5f2961,2024-12-23 09:14:00,2024-12-26 09:14:00,72.0,medium,23,4.0,False
T-d1bb0a,A-5f2961,2024-12-10 16:26:00,2024-12-12 01:03:33,32.6,low,164,,False
T-f5fc63,A-67be94,2024-09-07 19:56:00,2024-09-09 08:02:57,36.1,urgent,103,,False
T-1033d8,A-67be94,2023-10-01 15:33:00,2023-10-02 03:54:23,12.4,high,95,2.0,False
T-e74b05,A-67be94,2024-04-03 13:45:00,2024-04-04 23:39:16,33.9,medium,71,,False
T-b04844,A-fa3095,2023-11-26 15:51:00,2023-11-27 08:53:02,17.0,low,134,,False
T-0e466e,A-fa3095,2024-02-04 19:22:00,2024-02-05 16:59:27,21.6,medium,39,4.0,False
T-4a042f,A-fa3095,2024-02-10 09:56:00,2024-02-10 21:57:12,12.0,urgent,38,,False
T-3537fd,A-fa3095,2023-11-14 19:23:00,2023-11-16 19:26:21,48.1,medium,51,4.0,False
T-b4b1d1,A-fa3095,2024-03-02 18:00:00,2024-03-04 00:30:47,30.5,high,40,,False
T-f1141e,A-fa3095,2024-01-14 15:45:00,2024-01-16 19:21:15,51.6,urgent,108,2.0,False
T-b62faa,A-fa3095,2023-09-26 16:54:00,2023-09-27 16:30:14,23.6,urgent,150,3.0,False
T-24baac,A-fa3095,2023-11-06 20:51:00,2023-11-07 13:09:42,16.3,urgent,127,1.0,False
T-9d4f46,A-b07b56,2024-12-30 15:22:00,2024-12-31 20:31:15,29.2,urgent,64,,False
T-257e9b,A-b07b56,2024-12-29 09:42:00,2024-12-30 09:18:11,23.6,high,36,5.0,False
T-646c2e,A-00bed1,2024-02-04 07:24:00,2024-02-06 10:29:01,51.1,urgent,180,4.0,False
T-1f9efe,A-00bed1,2024-02-12 17:59:00,2024-02-13 06:16:52,12.3,urgent,99,3.0,False
T-c66ac8,A-00bed1,2024-01-10 11:07:00,2024-01-10 23:34:50,12.5,urgent,61,4.0,False
T-db3540,A-55f257,2024-02-14 12:45:00,2024-02-15 09:48:44,21.1,urgent,72,2.0,False
T-9728a7,A-55f257,2023-12-26 14:04:00,2023-12-29 06:23:00,64.3,low,60,3.0,False
T-16b38c,A-55f257,2024-06-04 20:54:00,2024-06-06 19:10:38,46.3,medium,180,,True
T-c4e0c7,A-55f257,2024-07-08 17:53:00,2024-07-11 09:03:37,63.2,urgent,78,,False
T-0c06a5,A-55f257,2024-07-07 07:57:00,2024-07-08 16:02:46,32.1,urgent,177,,False
T-e3b093,A-55f257,2024-01-09 12:55:00,2024-01-12 04:38:53,63.7,urgent,92,2.0,True
T-fbadb9,A-331424,2024-04-22 16:46:00,2024-04-24 14:55:46,46.2,low,52,3.0,False
T-27f734,A-331424,2024-03-30 16:09:00,2024-03-31 17:38:54,25.5,urgent,15,4.0,False
T-a838cf,A-331424,2024-02-04 14:46:00,2024-02-07 02:02:18,59.3,low,98,2.0,False
T-e0b0dd,A-331424,2023-11-20 14:15:00,2023-11-21 01:50:49,11.6,high,112,,True
T-fac8e3,A-331424,2024-08-29 18:40:00,2024-09-01 18:40:00,72.0,high,37,1.0,False
T-829cf7,A-331424,2024-07-18 07:26:00,2024-07-18 16:32:30,9.1,medium,97,3.0,False
T-5f1793,A-331424,2023-11-28 18:38:00,2023-11-29 13:35:04,19.0,low,128,3.0,False
T-f3bb80,A-331424,2024-09-08 12:11:00,2024-09-11 12:11:00,72.0,urgent,67,4.0,True
T-b03b89,A-331424,2024-05-18 18:27:00,2024-05-21 18:27:00,72.0,urgent,147,3.0,False
T-c0efa1,A-331424,2024-07-17 17:25:00,2024-07-18 00:01:29,6.6,high,113,,True
T-ced164,A-0532a9,2024-12-17 16:53:00,2024-12-19 03:16:06,34.4,medium,34,3.0,False
T-189e1d,A-0532a9,2024-11-01 11:23:00,2024-11-03 14:59:11,51.6,urgent,73,,False
T-bd52c0,A-0532a9,2024-10-17 13:45:00,2024-10-17 15:39:44,1.9,low,40,2.0,False
T-950a20,A-0532a9,2024-12-20 17:42:00,2024-12-21 13:57:38,20.3,medium,34,,False
T-ce3a2b,A-0532a9,2024-12-08 09:46:00,2024-12-09 12:48:47,27.0,high,47,4.0,False
T-f3a253,A-86902e,2023-12-31 08:46:00,2024-01-02 00:37:53,39.9,urgent,38,,True
T-94f0ef,A-86902e,2023-05-27 12:16:00,2023-05-28 19:21:56,31.1,urgent,131,,False
T-e16958,A-86902e,2023-09-20 09:24:00,2023-09-21 07:32:49,22.1,high,24,4.0,False
T-8f2183,A-86902e,2024-03-22 13:18:00,2024-03-24 02:34:04,37.3,low,80,5.0,False
T-777d81,A-86902e,2024-04-18 16:23:00,2024-04-19 03:49:21,11.4,urgent,79,,False
T-7f4825,A-86902e,2024-02-04 13:07:00,2024-02-05 12:30:57,23.4,low,28,4.0,False
T-2c05d6,A-86902e,2024-04-19 15:34:00,2024-04-21 21:24:36,53.8,high,77,,False
T-9a2474,A-e83938,2024-03-05 18:11:00,2024-03-06 18:36:34,24.4,low,64,,False
T-f6b577,A-e83938,2024-01-08 17:49:00,2024-01-09 10:43:50,16.9,urgent,76,4.0,False
T-15ac59,A-e83938,2023-12-17 12:52:00,2023-12-18 15:44:34,26.9,urgent,17,4.0,False
T-94cacd,A-4a4c2d,2024-06-22 15:05:00,2024-06-25 01:26:51,58.4,low,60,2.0,False
T-818f51,A-4a4c2d,2023-09-04 08:04:00,2023-09-06 07:31:36,47.5,low,73,4.0,False
T-8f8016,A-4a4c2d,2024-04-09 18:21:00,2024-04-12 18:21:00,72.0,medium,55,,False
T-697195,A-4a4c2d,2023-07-14 10:47:00,2023-07-16 16:51:01,54.1,high,89,,False
T-fdf6e3,A-a2485e,2024-08-25 20:46:00,2024-08-26 08:39:51,11.9,medium,29,,False
T-cb5503,A-7920cc,2023-12-20 15:40:00,2023-12-23 12:24:43,68.7,urgent,123,3.0,False
T-a40287,A-7920cc,2023-12-30 12:15:00,2023-12-31 16:14:52,28.0,urgent,107,3.0,False
T-aab770,A-7920cc,2024-01-11 16:44:00,2024-01-12 15:33:35,22.8,low,101,3.0,False
T-0e409e,A-7920cc,2024-01-27 17:38:00,2024-01-29 02:46:23,33.1,medium,180,3.0,False
T-e519a7,A-7920cc,2024-01-27 08:08:00,2024-01-28 13:44:12,29.6,urgent,180,4.0,False
T-aeed89,A-7920cc,2023-12-02 17:50:00,2023-12-03 01:38:00,7.8,urgent,110,,False
T-37fd27,A-7920cc,2023-12-15 16:01:00,2023-12-16 09:11:04,17.2,low,65,4.0,False
T-9b2bb9,A-df1e44,2024-06-15 12:16:00,2024-06-16 03:27:39,15.2,urgent,20,,False
T-f4802d,A-df1e44,2024-07-08 19:07:00,2024-07-09 23:12:59,28.1,low,105,,False
T-5f55e9,A-df1e44,2024-05-08 12:45:00,2024-05-10 01:19:17,36.6,low,72,4.0,False
T-35882d,A-d535f6,2024-12-17 12:08:00,2024-12-18 10:46:41,22.6,medium,94,3.0,False
T-1bfca8,A-d535f6,2024-11-18 07:20:00,2024-11-19 07:04:31,23.7,low,67,2.0,False
T-366743,A-d535f6,2024-10-07 13:03:00,2024-10-08 13:31:20,24.5,medium,86,2.0,False
T-572d48,A-d535f6,2024-09-11 15:22:00,2024-09-12 21:25:54,30.1,high,53,4.0,False
T-538675,A-d535f6,2024-09-10 19:06:00,2024-09-11 06:02:33,10.9,urgent,133,3.0,False
T-ad276c,A-dbc825,2024-04-17 16:49:00,2024-04-17 23:37:03,6.8,low,37,,False
T-63b9b3,A-dbc825,2024-08-10 09:38:00,2024-08-10 22:37:34,13.0,medium,51,5.0,False
T-e5c3dc,A-e43bf7,2024-01-21 17:03:00,2024-01-22 14:06:21,21.1,medium,53,4.0,False
T-4bac03,A-e43bf7,2024-04-04 09:38:00,2024-04-05 08:18:02,22.7,medium,62,5.0,False
T-59a73a,A-e43bf7,2024-04-18 10:01:00,2024-04-20 02:27:01,40.4,medium,35,4.0,False
T-7ccfd7,A-e43bf7,2024-02-06 13:48:00,2024-02-08 17:03:33,51.3,urgent,82,5.0,False
T-0dd19f,A-94f8c9,2024-03-30 11:02:00,2024-03-31 04:53:39,17.9,medium,32,4.0,False
T-b40ad9,A-94f8c9,2024-10-04 15:16:00,2024-10-04 23:51:21,8.6,medium,40,4.0,False
T-ce17fd,A-54d94a,2023-10-30 09:45:00,2023-11-01 09:17:30,47.5,low,141,4.0,False
T-7ba098,A-54d94a,2023-08-23 15:04:00,2023-08-24 21:05:10,30.0,high,64,3.0,False
T-d02745,A-54d94a,2023-06-11 12:42:00,2023-06-14 04:54:16,64.2,medium,69,,False
T-6883ad,A-54d94a,2023-08-30 08:46:00,2023-09-01 19:14:11,58.5,urgent,72,4.0,False
T-99bea7,A-54d94a,2024-02-25 14:27:00,2024-02-26 11:08:03,20.7,urgent,125,3.0,False
T-4a5e89,A-533452,2024-11-29 20:56:00,2024-12-01 20:05:39,47.2,urgent,30,3.0,False
T-352e21,A-533452,2024-11-16 18:18:00,2024-11-18 00:42:07,30.4,urgent,31,3.0,False
T-6e20ab,A-533452,2024-12-21 17:37:00,2024-12-24 05:29:22,59.9,low,110,3.0,False
T-fa3094,A-038089,2024-04-28 19:18:00,2024-04-30 15:27:27,44.2,high,39,4.0,False
T-67609d,A-038089,2024-01-02 17:51:00,2024-01-03 01:22:59,7.5,high,47,3.0,False
T-7d9a96,A-038089,2024-03-05 09:42:00,2024-03-06 13:31:48,27.8,medium,98,4.0,False
T-090946,A-038089,2024-05-31 09:06:00,2024-06-01 06:52:46,21.8,low,86,,False
T-7f0e73,A-038089,2024-04-17 13:04:00,2024-04-19 04:55:26,39.9,medium,16,,False
T-5883d5,A-038089,2024-10-13 10:58:00,2024-10-14 13:08:10,26.2,low,44,5.0,False
T-d48889,A-d42431,2024-07-02 09:24:00,2024-07-02 16:00:46,6.6,low,6,5.0,False
T-059771,A-d42431,2024-08-05 17:57:00,2024-08-07 01:07:03,31.2,low,55,5.0,False
T-99b80c,A-96215d,2024-10-11 11:38:00,2024-10-12 19:40:41,32.0,high,49,,False
T-e77008,A-96215d,2024-09-23 19:51:00,2024-09-25 08:13:06,36.4,urgent,37,5.0,False
T-20318e,A-96215d,2024-09-21 15:47:00,2024-09-23 00:00:17,32.2,medium,46,4.0,False
T-e60c2f,A-96215d,2024-08-31 15:38:00,2024-09-01 05:50:04,14.2,urgent,87,4.0,False
T-a1b717,A-1e6fc3,2024-06-15 16:50:00,2024-06-18 08:29:52,63.7,urgent,86,3.0,False
T-fbe97f,A-1e6fc3,2024-01-20 19:53:00,2024-01-21 14:31:44,18.6,urgent,173,,False
T-90baf5,A-1e6fc3,2024-10-13 13:34:00,2024-10-15 02:16:25,36.7,medium,20,,False
T-fa5b99,A-0f7d77,2024-11-02 12:48:00,2024-11-03 02:39:57,13.9,high,57,4.0,False
T-6d4103,A-0f7d77,2024-11-10 18:30:00,2024-11-12 12:28:43,42.0,low,60,,False
T-ed3522,A-0f7d77,2024-11-10 09:11:00,2024-11-13 09:11:00,72.0,urgent,168,4.0,False
T-48f941,A-0f7d77,2024-10-31 12:52:00,2024-11-02 02:39:20,37.8,medium,42,2.0,False
T-13ae75,A-0f7d77,2024-11-02 14:05:00,2024-11-03 06:05:37,16.0,high,15,5.0,True
T-5c1458,A-2d4502,2024-10-31 16:26:00,2024-11-01 12:40:20,20.2,urgent,66,4.0,False
T-6a2074,A-2d4502,2024-06-05 12:44:00,2024-06-06 22:11:25,33.5,medium,108,2.0,False
T-b9f643,A-2d4502,2024-10-27 20:10:00,2024-10-28 05:42:46,9.5,low,51,5.0,True
T-dafcb9,A-2d4502,2024-06-16 16:00:00,2024-06-18 00:39:34,32.7,medium,104,,False
T-7f6c62,A-2d4502,2024-09-14 08:27:00,2024-09-16 04:28:23,44.0,urgent,55,5.0,False
T-54a8df,A-751c58,2024-11-09 09:14:00,2024-11-09 19:08:11,9.9,low,100,,False
T-574a99,A-751c58,2024-09-18 07:59:00,2024-09-19 03:32:24,19.6,low,102,,False
T-bb2c14,A-3b37d9,2023-05-02 16:08:00,2023-05-04 04:28:39,36.3,high,104,3.0,False
T-9a87e0,A-3b37d9,2023-09-20 20:00:00,2023-09-23 20:00:00,72.0,urgent,180,,False
T-4bebb2,A-3b37d9,2023-03-23 10:16:00,2023-03-25 00:17:06,38.0,medium,104,2.0,False
T-407e82,A-3b37d9,2023-07-04 17:09:00,2023-07-05 17:34:06,24.4,medium,116,2.0,True
T-4afc83,A-3b37d9,2023-09-08 15:51:00,2023-09-09 09:37:51,17.8,urgent,180,,False
T-8ab10b,A-3b37d9,2023-06-23 17:26:00,2023-06-25 22:11:42,52.8,low,104,2.0,False
T-ddb007,A-3b37d9,2023-02-03 12:22:00,2023-02-05 11:19:57,47.0,urgent,61,3.0,False
T-7d6b23,A-ad64c6,2024-06-13 09:24:00,2024-06-14 12:46:18,27.4,high,62,,False
T-f5b1ec,A-ad64c6,2024-03-23 16:52:00,2024-03-24 15:26:52,22.6,low,25,,False
T-0dde7f,A-ad64c6,2024-03-03 10:38:00,2024-03-04 12:04:05,25.4,medium,92,3.0,False
T-1a5cb1,A-ad64c6,2024-06-06 17:44:00,2024-06-08 07:42:49,38.0,medium,64,4.0,False
T-b9af82,A-ad64c6,2024-07-07 10:53:00,2024-07-08 19:02:59,32.2,low,53,4.0,True
T-b2d85a,A-ad64c6,2024-10-27 07:47:00,2024-10-27 21:02:22,13.3,low,19,3.0,False
T-57301f,A-ad64c6,2024-08-17 11:13:00,2024-08-17 14:46:34,3.6,high,48,,False
T-49aa13,A-d77f4c,2024-09-21 15:30:00,2024-09-21 19:33:35,4.1,low,99,1.0,False
T-5f579b,A-d77f4c,2024-04-01 11:34:00,2024-04-03 16:01:35,52.5,low,46,,False
T-f6c4ee,A-524364,2024-12-31 14:04:00,2025-01-01 09:58:52,19.9,low,73,4.0,False
T-01297a,A-524364,2024-12-31 17:43:00,2025-01-01 09:23:09,15.7,low,67,3.0,False
T-1a391e,A-524364,2024-12-31 15:18:00,2025-01-02 09:46:10,42.5,medium,60,4.0,False
T-f43082,A-524364,2024-12-31 16:03:00,2025-01-02 18:20:24,50.3,low,35,,False
T-5c5246,A-524364,2024-12-31 18:34:00,2025-01-01 17:16:27,22.7,medium,127,4.0,False
T-44d371,A-e4144b,2024-11-09 17:36:00,2024-11-12 17:36:00,72.0,low,73,5.0,True
T-eb7901,A-e4144b,2024-11-28 10:55:00,2024-11-29 13:24:42,26.5,urgent,49,,False
T-49306d,A-e4144b,2024-12-01 17:30:00,2024-12-02 12:01:42,18.5,urgent,59,,True
T-29cead,A-e4144b,2024-12-01 10:08:00,2024-12-02 03:16:01,17.1,high,87,,False
T-9268b2,A-87aa7b,2024-07-10 20:59:00,2024-07-13 20:59:00,72.0,medium,97,3.0,False
T-e6cb3e,A-87aa7b,2024-05-23 13:14:00,2024-05-26 00:59:19,59.8,urgent,92,3.0,True
T-e5dcd7,A-87aa7b,2024-05-25 12:06:00,2024-05-28 12:06:00,72.0,high,81,,False
T-10c3dc,A-87aa7b,2024-10-11 08:25:00,2024-10-11 22:55:46,14.5,low,55,2.0,False
T-21f5d2,A-87aa7b,2024-07-06 20:12:00,2024-07-07 20:22:09,24.2,medium,24,,True
T-1dcd9f,A-87aa7b,2024-07-20 19:26:00,2024-07-21 23:54:43,28.5,urgent,167,,False
T-df295c,A-87aa7b,2024-08-05 10:59:00,2024-08-08 09:23:35,70.4,urgent,180,2.0,False
T-1dc665,A-87aa7b,2024-06-15 18:50:00,2024-06-16 19:59:39,25.2,medium,180,2.0,False
T-54981f,A-87aa7b,2024-09-14 13:27:00,2024-09-17 13:27:00,72.0,high,90,1.0,True
T-eea1f5,A-87aa7b,2024-06-28 12:41:00,2024-06-29 10:04:50,21.4,high,22,2.0,False
T-08cc08,A-87aa7b,2024-09-03 15:33:00,2024-09-04 09:28:39,17.9,high,172,,True
T-6cfabe,A-202b67,2024-05-13 19:54:00,2024-05-14 21:50:51,25.9,medium,104,,False
T-775086,A-202b67,2024-03-22 08:41:00,2024-03-23 16:11:48,31.5,urgent,83,3.0,False
T-d839a5,A-202b67,2024-03-23 09:20:00,2024-03-23 21:49:49,12.5,medium,47,,False
T-69f544,A-202b67,2024-07-29 07:54:00,2024-07-31 04:25:03,44.5,urgent,70,3.0,True
T-67f8c0,A-202b67,2024-12-01 09:50:00,2024-12-02 09:19:14,23.5,urgent,32,3.0,False
T-4beeff,A-202b67,2024-03-26 12:37:00,2024-03-26 18:43:54,6.1,medium,25,3.0,False
T-8e653f,A-202b67,2024-08-26 17:16:00,2024-08-27 06:35:57,13.3,urgent,92,5.0,False
T-67c4fe,A-202b67,2024-07-06 12:42:00,2024-07-09 12:42:00,72.0,high,75,3.0,False
T-ba9cba,A-22f2df,2024-12-26 12:04:00,2024-12-27 18:28:05,30.4,low,48,4.0,False
T-ef810e,A-22f2df,2024-12-28 11:34:00,2024-12-30 20:33:49,57.0,high,113,,False
T-fc0023,A-22f2df,2024-12-19 18:40:00,2024-12-22 18:40:00,72.0,high,146,3.0,True
T-f6e5c6,A-bcf87c,2024-12-08 20:11:00,2024-12-10 02:56:29,30.8,low,66,,False
T-927450,A-bcf87c,2024-12-22 12:56:00,2024-12-23 03:55:37,15.0,high,73,3.0,False
T-ae4e8f,A-bcf87c,2024-11-21 12:48:00,2024-11-23 23:19:24,58.5,medium,27,,False
T-3e14ed,A-bcf87c,2024-09-16 10:35:00,2024-09-17 10:44:15,24.2,high,60,4.0,False
T-f1afee,A-bcf87c,2024-10-02 12:45:00,2024-10-03 08:16:29,19.5,urgent,114,,False
T-875757,A-bcf87c,2024-08-15 12:33:00,2024-08-18 06:01:04,65.5,medium,56,,False
T-fca2c1,A-bcf87c,2024-09-07 18:40:00,2024-09-08 15:48:33,21.1,urgent,86,5.0,False
T-b656ad,A-f9cc74,2024-10-17 20:14:00,2024-10-19 10:29:03,38.3,medium,73,,False
T-267803,A-f9cc74,2024-12-02 12:52:00,2024-12-03 04:37:57,15.8,urgent,58,3.0,False
T-b95071,A-f9cc74,2024-12-17 13:52:00,2024-12-19 07:09:29,41.3,urgent,40,,False
T-1ef110,A-f9cc74,2024-10-30 20:57:00,2024-11-02 04:46:22,55.8,medium,57,5.0,False
T-b52235,A-4d1e75,2024-09-19 18:54:00,2024-09-20 03:12:41,8.3,medium,176,,False
T-d9469e,A-4d1e75,2024-11-03 15:56:00,2024-11-06 11:14:51,67.3,medium,87,2.0,False
T-741833,A-4d1e75,2024-12-08 18:56:00,2024-12-09 07:38:00,12.7,medium,70,2.0,True
T-b31a44,A-10b8da,2023-11-13 09:48:00,2023-11-15 02:47:15,41.0,low,80,5.0,False
T-d55d5c,A-10b8da,2024-04-16 16:16:00,2024-04-18 03:49:08,35.6,urgent,50,,False
T-e3375f,A-10b8da,2023-10-08 11:43:00,2023-10-09 17:00:29,29.3,urgent,52,2.0,False
T-533ac8,A-151c9a,2023-07-09 07:25:00,2023-07-10 05:12:48,21.8,urgent,59,,False
T-b5bbcb,A-151c9a,2023-05-19 20:23:00,2023-05-21 04:49:49,32.4,urgent,139,,False
T-012384,A-151c9a,2024-04-12 08:26:00,2024-04-12 22:07:37,13.7,high,92,4.0,False
T-33bf39,A-c37601,2024-12-04 11:44:00,2024-12-05 02:48:33,15.1,urgent,28,3.0,False
T-5a6a7d,A-c37601,2024-11-18 18:32:00,2024-11-20 01:29:27,31.0,medium,65,,False
T-eeff2d,A-c37601,2024-12-27 08:43:00,2024-12-28 07:13:12,22.5,medium,83,5.0,False
T-67094f,A-f97b9a,2024-06-01 10:05:00,2024-06-02 04:51:16,18.8,low,40,,True
T-001b3b,A-f97b9a,2023-08-23 19:23:00,2023-08-25 23:33:45,52.2,urgent,74,3.0,False
T-bd8790,A-f97b9a,2023-09-16 18:15:00,2023-09-19 18:15:00,72.0,urgent,70,,False
T-e339f1,A-f97b9a,2023-09-13 18:33:00,2023-09-15 19:35:14,49.0,urgent,88,,False
T-f76a6b,A-f97b9a,2024-06-11 07:07:00,2024-06-13 18:43:17,59.6,urgent,155,2.0,False
T-d25763,A-1e1b80,2023-11-24 07:57:00,2023-11-24 17:58:21,10.0,low,51,5.0,False
T-afa0b9,A-1e1b80,2024-08-26 11:36:00,2024-08-26 22:13:04,10.6,low,68,5.0,False
T-1f97bf,A-8bde0c,2024-11-20 16:45:00,2024-11-21 23:34:05,30.8,high,46,5.0,False
T-106582,A-8bde0c,2024-11-05 13:04:00,2024-11-06 08:08:03,19.1,urgent,108,4.0,False
T-74107c,A-8bde0c,2024-11-11 18:55:00,2024-11-14 11:11:11,64.3,high,131,4.0,False
T-7546a5,A-8bde0c,2024-12-29 19:51:00,2024-12-30 07:51:58,12.0,low,180,5.0,False
T-547c0d,A-6843f2,2024-12-30 17:06:00,2025-01-01 10:45:52,41.7,urgent,84,2.0,False
T-28f089,A-6843f2,2024-12-14 20:06:00,2024-12-17 07:02:11,58.9,urgent,37,1.0,False
T-70630b,A-6843f2,2024-12-11 13:56:00,2024-12-14 13:56:00,72.0,high,174,2.0,True
T-235c0b,A-6843f2,2024-12-21 12:07:00,2024-12-22 01:17:35,13.2,high,144,,False
T-bd8873,A-6843f2,2024-12-22 14:55:00,2024-12-25 00:56:55,58.0,urgent,55,,True
T-06910e,A-6843f2,2024-12-14 15:32:00,2024-12-16 07:49:30,40.3,medium,168,3.0,False
T-e1bbf9,A-6843f2,2024-12-10 16:16:00,2024-12-12 00:17:54,32.0,high,180,,False
T-6b9435,A-50bb9f,2024-09-06 16:32:00,2024-09-07 07:31:58,15.0,urgent,97,,False
T-eedb56,A-50bb9f,2024-12-30 14:21:00,2024-12-30 23:38:18,9.3,medium,87,5.0,False
T-38041c,A-3c1a3f,2024-12-21 11:24:00,2024-12-22 03:22:16,16.0,urgent,40,2.0,False
T-fbffc0,A-3c1a3f,2024-07-09 10:36:00,2024-07-10 03:59:38,17.4,medium,51,3.0,False
T-5690bb,A-3c1a3f,2023-12-12 07:12:00,2023-12-13 00:51:03,17.7,medium,46,,False
T-d06b1a,A-3c1a3f,2023-10-30 20:13:00,2023-11-02 07:43:31,59.5,medium,51,,False
T-653956,A-3c1a3f,2024-05-03 16:09:00,2024-05-05 03:13:26,35.1,urgent,123,4.0,False
T-238003,A-f19409,2024-05-26 13:37:00,2024-05-28 10:50:44,45.2,high,144,,True
T-277d31,A-f19409,2024-04-23 10:00:00,2024-04-24 10:17:45,24.3,medium,6,,False
T-b7a6b1,A-f19409,2023-09-04 13:33:00,2023-09-07 00:12:27,58.7,low,109,,True
T-df9c5f,A-f19409,2023-07-17 13:39:00,2023-07-18 21:29:43,31.8,medium,96,,False
T-59b0c6,A-f19409,2024-01-12 10:37:00,2024-01-13 12:55:53,26.3,high,49,,False
T-b8ae09,A-f19409,2023-12-29 14:40:00,2023-12-31 00:50:59,34.2,low,43,,False
T-c46c88,A-ac14bb,2024-09-05 17:15:00,2024-09-07 12:10:03,42.9,high,108,,False
T-7911a1,A-ac14bb,2024-08-26 11:48:00,2024-08-29 11:48:00,72.0,urgent,101,,False
T-cb0987,A-ac14bb,2024-12-23 15:31:00,2024-12-25 06:59:52,39.5,high,84,5.0,True
T-b30f68,A-ac14bb,2024-04-30 12:46:00,2024-05-01 14:20:08,25.6,high,177,3.0,False
T-f27ad7,A-ac14bb,2023-12-30 20:51:00,2024-01-01 01:07:51,28.3,medium,91,,True
T-c93b37,A-ac14bb,2024-04-08 08:18:00,2024-04-11 08:18:00,72.0,medium,29,5.0,False
T-7097cd,A-712533,2023-08-16 08:17:00,2023-08-16 15:55:53,7.6,urgent,113,2.0,False
T-ce23d6,A-712533,2023-08-02 12:26:00,2023-08-03 07:32:27,19.1,low,67,2.0,False
T-2f3494,A-712533,2023-08-03 13:34:00,2023-08-04 21:51:04,32.3,high,180,,False
T-2de503,A-712533,2023-08-07 09:01:00,2023-08-09 23:12:32,62.2,low,179,1.0,False
T-5cfe5d,A-712533,2023-08-23 10:26:00,2023-08-25 02:14:23,39.8,urgent,33,1.0,False
T-8e7af8,A-712533,2023-08-11 18:05:00,2023-08-14 18:05:00,72.0,high,96,2.0,False
T-db74fc,A-712533,2023-08-14 11:38:00,2023-08-16 20:58:27,57.3,high,27,,False
T-b8a6aa,A-712533,2023-07-31 19:25:00,2023-08-02 23:50:41,52.4,urgent,91,3.0,False
T-20aed4,A-463db0,2024-12-22 10:54:00,2024-12-23 13:00:14,26.1,urgent,68,,False
T-91aaac,A-ad3abd,2023-05-20 07:19:00,2023-05-21 23:22:02,40.1,urgent,106,,False
T-ff0250,A-ad3abd,2024-02-21 20:58:00,2024-02-22 22:18:32,25.3,medium,44,3.0,False
T-95ff13,A-ad3abd,2023-06-11 12:24:00,2023-06-13 01:52:37,37.5,urgent,25,1.0,False
T-9d3143,A-5b051a,2024-11-26 19:56:00,2024-11-28 06:06:38,34.2,medium,53,3.0,False
T-47bacc,A-5b051a,2024-12-22 17:49:00,2024-12-23 07:41:06,13.9,medium,81,,False
T-8fb6a0,A-5b051a,2024-11-30 13:16:00,2024-12-01 09:27:14,20.2,urgent,52,,False
T-9f9347,A-81edc3,2024-01-08 15:01:00,2024-01-10 20:31:22,53.5,urgent,53,1.0,False
T-af8d05,A-81edc3,2023-11-17 14:34:00,2023-11-20 14:34:00,72.0,urgent,52,,False
T-8cec8f,A-81edc3,2023-12-26 08:39:00,2023-12-27 14:27:03,29.8,urgent,100,1.0,False
T-09418b,A-81edc3,2024-02-19 17:32:00,2024-02-21 13:56:02,44.4,urgent,25,,False
T-c529a1,A-81edc3,2023-11-17 12:03:00,2023-11-20 12:03:00,72.0,high,152,2.0,False
T-abf9ea,A-81edc3,2023-11-28 08:22:00,2023-11-28 13:13:00,4.9,medium,99,,True
T-b1dba9,A-81edc3,2023-11-26 19:02:00,2023-11-29 19:02:00,72.0,urgent,165,2.0,False
T-710f10,A-81edc3,2024-02-02 12:41:00,2024-02-04 11:49:30,47.1,low,153,3.0,False
T-691a29,A-81edc3,2024-02-29 07:19:00,2024-02-29 14:34:57,7.3,urgent,100,3.0,False
T-60573d,A-81edc3,2023-11-15 08:33:00,2023-11-16 05:21:49,20.8,urgent,147,,False
T-b0d786,A-81edc3,2024-02-20 16:40:00,2024-02-23 16:40:00,72.0,urgent,152,2.0,True
T-80c8e7,A-bc87bc,2024-11-11 12:36:00,2024-11-13 01:30:56,36.9,low,61,,False
T-0ae8ff,A-bc87bc,2024-10-16 10:48:00,2024-10-17 03:45:37,17.0,low,81,,False
T-16fdd7,A-bc87bc,2024-08-22 08:41:00,2024-08-23 09:06:17,24.4,medium,36,4.0,False
T-0b975c,A-ffdfd5,2024-04-20 10:42:00,2024-04-21 02:03:03,15.4,medium,27,5.0,False
T-89c77b,A-ffdfd5,2024-06-18 11:27:00,2024-06-18 15:12:20,3.8,medium,42,4.0,False
T-fa50c1,A-3a7284,2024-12-04 09:39:00,2024-12-05 16:05:57,30.4,high,88,,False
T-65e91c,A-3a7284,2024-12-04 10:47:00,2024-12-05 14:31:00,27.7,medium,47,,False
T-75844c,A-3a7284,2024-11-23 20:05:00,2024-11-25 23:21:26,51.3,medium,58,,False
T-92de58,A-3a7284,2024-12-01 12:29:00,2024-12-02 00:38:59,12.2,high,122,,False
T-953ce3,A-3a7284,2024-12-19 19:49:00,2024-12-21 05:42:57,33.9,high,178,,False
T-6d4308,A-65aeb5,2024-05-08 15:10:00,2024-05-09 11:56:38,20.8,medium,153,3.0,False
T-29bbad,A-65aeb5,2024-05-20 20:31:00,2024-05-22 12:24:21,39.9,medium,72,4.0,False
T-8126fb,A-b48f73,2024-11-29 08:11:00,2024-11-30 20:13:49,36.0,low,36,2.0,False
T-bc6e90,A-b48f73,2024-11-27 11:33:00,2024-11-28 17:16:54,29.7,medium,62,,False
T-360c44,A-b48f73,2024-11-19 20:19:00,2024-11-21 00:05:27,27.8,low,164,4.0,False
T-fb6333,A-b48f73,2024-11-16 20:25:00,2024-11-17 20:38:01,24.2,low,88,4.0,False
T-ce0bda,A-b48f73,2024-11-22 07:57:00,2024-11-25 07:57:00,72.0,low,116,,False
T-880c16,A-b48f73,2024-11-13 17:00:00,2024-11-14 06:19:44,13.3,low,102,4.0,False
T-3ef5f8,A-b48f73,2024-11-30 07:48:00,2024-12-02 17:27:30,57.7,medium,93,4.0,False
T-1ce54d,A-b48f73,2024-11-28 12:06:00,2024-11-29 15:02:28,26.9,high,44,,False
T-09cd54,A-8b25f2,2024-05-28 14:57:00,2024-05-31 14:57:00,72.0,medium,102,3.0,False
T-8ad781,A-8b25f2,2024-03-22 19:56:00,2024-03-25 11:30:07,63.6,high,52,,False
T-6257bc,A-8b25f2,2024-05-09 11:57:00,2024-05-12 11:57:00,72.0,low,180,2.0,False
T-aac78d,A-8b25f2,2024-04-12 18:35:00,2024-04-13 23:12:45,28.6,low,149,,False
T-6610bf,A-18793f,2024-12-22 16:34:00,2024-12-23 15:35:11,23.0,high,122,2.0,True
T-2ab6de,A-18793f,2024-12-24 16:04:00,2024-12-26 17:03:49,49.0,low,130,,False
T-bc4e2a,A-18793f,2024-12-23 14:12:00,2024-12-25 14:05:27,47.9,high,88,,False
T-b1c1b4,A-18793f,2024-12-30 07:15:00,2024-12-31 19:59:44,36.7,high,99,,False
T-68ce5e,A-18793f,2024-12-24 14:53:00,2024-12-25 02:21:15,11.5,medium,68,3.0,False
T-576e63,A-18793f,2024-12-30 09:14:00,2024-12-31 21:23:21,36.2,medium,159,,False
T-f8d276,A-149a69,2024-12-11 08:51:00,2024-12-12 23:20:28,38.5,low,42,5.0,False
T-d506c9,A-149a69,2024-11-16 14:22:00,2024-11-17 13:48:18,23.4,low,16,,False
T-4a67dc,A-149a69,2024-10-20 08:34:00,2024-10-21 18:17:27,33.7,medium,27,,False
T-1f2206,A-42e5e1,2024-08-11 11:25:00,2024-08-12 01:19:39,13.9,urgent,56,,False
T-53ad1c,A-42e5e1,2024-12-09 14:51:00,2024-12-10 16:47:54,25.9,urgent,79,,False
T-4bcc51,A-42e5e1,2024-09-15 19:39:00,2024-09-16 03:42:23,8.1,urgent,56,,False
T-2a5547,A-42e5e1,2024-07-13 12:27:00,2024-07-14 13:43:28,25.3,low,11,,False
T-daf307,A-ccc747,2024-09-05 15:29:00,2024-09-06 18:39:13,27.2,low,15,5.0,False
T-cd6fc2,A-ccc747,2024-08-03 10:29:00,2024-08-05 10:30:37,48.0,high,113,2.0,False
T-623275,A-ccc747,2024-07-28 13:10:00,2024-07-29 17:24:52,28.2,medium,28,4.0,False
T-2ffd97,A-ccc747,2024-11-28 20:49:00,2024-11-29 09:54:06,13.1,medium,56,,True
T-025b79,A-e98302,2024-07-27 20:33:00,2024-07-28 22:26:20,25.9,medium,60,4.0,True
T-8c0f16,A-e98302,2024-08-02 11:12:00,2024-08-05 11:12:00,72.0,low,67,4.0,False
T-80042c,A-e98302,2024-06-20 13:54:00,2024-06-22 02:15:27,36.4,low,48,,False
T-f52866,A-e98302,2024-04-19 07:07:00,2024-04-19 15:57:50,8.8,medium,24,,False
T-45e9be,A-e98302,2024-07-17 13:48:00,2024-07-18 04:49:59,15.0,urgent,12,,False
T-c28e60,A-5a92e7,2024-09-18 13:04:00,2024-09-19 00:38:23,11.6,low,55,,False
T-d0c9f8,A-5a92e7,2024-07-15 20:49:00,2024-07-16 19:55:14,23.1,low,125,,False
T-3529fa,A-5a92e7,2024-07-27 20:39:00,2024-07-29 10:52:27,38.2,medium,56,4.0,False
T-4dcdf7,A-5a92e7,2024-09-04 08:00:00,2024-09-06 04:37:50,44.6,medium,34,,False
T-ab6a19,A-068fc6,2024-04-14 16:44:00,2024-04-16 02:51:07,34.1,high,59,,True
T-6958b8,A-068fc6,2024-06-28 12:54:00,2024-06-29 08:00:01,19.1,urgent,92,1.0,False
T-08e6e1,A-068fc6,2024-04-19 15:03:00,2024-04-20 23:13:55,32.2,low,26,,True
T-f37584,A-068fc6,2024-12-18 07:11:00,2024-12-19 13:45:10,30.6,low,44,3.0,False
T-3cb7d7,A-068fc6,2024-08-20 09:10:00,2024-08-23 09:10:00,72.0,medium,154,,False
T-6113ae,A-068fc6,2024-03-12 07:49:00,2024-03-15 07:49:00,72.0,low,83,3.0,False
T-68e545,A-462d45,2024-12-30 11:17:00,2025-01-01 01:58:15,38.7,low,86,,False
T-8573c4,A-526d93,2024-04-20 10:35:00,2024-04-22 06:21:40,43.8,low,56,2.0,False
T-d578c7,A-526d93,2024-11-02 16:53:00,2024-11-03 22:26:55,29.6,urgent,73,4.0,False
T-814895,A-526d93,2024-04-28 16:57:00,2024-04-29 18:36:51,25.7,urgent,15,3.0,False
T-71db2d,A-dcc3f1,2024-12-29 16:11:00,2024-12-31 23:37:21,55.4,low,49,4.0,False
T-b7015c,A-dcc3f1,2024-06-12 12:42:00,2024-06-13 21:33:23,32.9,low,110,5.0,False
T-b0cb3b,A-dcc3f1,2024-02-07 13:59:00,2024-02-08 10:41:47,20.7,low,36,5.0,False
T-49cebd,A-7988d1,2024-09-11 17:46:00,2024-09-13 05:46:40,36.0,medium,123,,False
T-7e1955,A-adc1f3,2024-12-29 07:45:00,2024-12-31 11:31:22,51.8,medium,71,4.0,False
T-c6e29d,A-adc1f3,2024-12-22 11:54:00,2024-12-23 09:44:58,21.8,low,112,,False
T-573449,A-adc1f3,2024-10-10 14:19:00,2024-10-11 21:11:00,30.9,low,74,,False
T-b2bf29,A-e51ec7,2023-11-25 20:22:00,2023-11-26 02:03:12,5.7,low,64,2.0,False
T-dc725e,A-e51ec7,2023-11-11 09:15:00,2023-11-13 03:51:28,42.6,urgent,135,2.0,False
T-658214,A-e51ec7,2023-12-11 20:52:00,2023-12-12 12:10:40,15.3,medium,92,,False
T-5d35e1,A-e51ec7,2023-10-16 08:59:00,2023-10-17 04:09:15,19.2,medium,61,,False
T-2294a6,A-e51ec7,2024-02-10 17:30:00,2024-02-12 01:39:45,32.2,medium,180,,True
T-b78732,A-e51ec7,2024-02-25 07:12:00,2024-02-26 20:13:42,37.0,high,71,2.0,False
T-6d83e7,A-e51ec7,2023-10-21 14:32:00,2023-10-21 23:16:14,8.7,low,74,1.0,False
T-9023af,A-e51ec7,2024-02-12 13:34:00,2024-02-15 06:02:39,64.5,urgent,129,3.0,False
T-8403d4,A-e51ec7,2023-11-10 09:20:00,2023-11-13 09:20:00,72.0,medium,120,3.0,True
T-1a365b,A-f3ff05,2024-10-08 13:11:00,2024-10-09 03:54:36,14.7,low,56,3.0,False
T-cc5037,A-f3ff05,2024-11-21 13:23:00,2024-11-22 10:10:43,20.8,high,43,4.0,False
T-d2774f,A-f3ff05,2024-12-17 10:40:00,2024-12-20 10:40:00,72.0,medium,92,,False
T-49db87,A-f3ff05,2024-11-17 20:26:00,2024-11-18 16:14:36,19.8,medium,42,,False
T-b8d1e0,A-92a3af,2024-08-11 10:04:00,2024-08-14 10:04:00,72.0,urgent,59,,False
T-9955f1,A-92a3af,2024-09-15 15:48:00,2024-09-18 07:43:55,63.9,urgent,90,,True
T-2a82d0,A-92a3af,2024-08-25 12:44:00,2024-08-26 16:04:02,27.3,medium,180,2.0,False
T-6e455a,A-92a3af,2024-09-22 17:20:00,2024-09-23 21:21:37,28.0,low,93,2.0,True
T-8744fe,A-92a3af,2024-12-26 11:20:00,2024-12-28 21:39:48,58.3,high,114,2.0,True
T-5788ee,A-c222ab,2024-08-08 20:00:00,2024-08-10 10:07:03,38.1,low,88,,True
T-e8cc42,A-c222ab,2024-12-01 07:56:00,2024-12-02 02:49:58,18.9,urgent,162,,True
T-188a63,A-c222ab,2024-06-12 20:03:00,2024-06-14 00:46:31,28.7,medium,131,2.0,False
T-a5ae2e,A-c222ab,2024-12-25 07:09:00,2024-12-27 03:58:30,44.8,low,73,2.0,False
T-83d3d5,A-c222ab,2024-05-20 11:37:00,2024-05-21 09:34:43,22.0,high,37,3.0,True
T-18dff8,A-c222ab,2024-12-22 08:45:00,2024-12-24 13:40:46,52.9,low,137,2.0,True
T-cee4d9,A-c222ab,2024-10-27 12:53:00,2024-10-29 02:17:20,37.4,urgent,75,2.0,False
T-508cae,A-c222ab,2024-09-06 15:05:00,2024-09-07 02:20:27,11.3,medium,16,3.0,False
T-42ea80,A-c222ab,2024-07-26 11:12:00,2024-07-27 01:13:06,14.0,urgent,140,4.0,True
T-b2846c,A-c222ab,2024-09-23 09:41:00,2024-09-25 08:18:02,46.6,medium,43,3.0,True
T-f0fa28,A-854864,2024-12-29 18:12:00,2024-12-31 04:18:17,34.1,low,77,5.0,False
T-9052bd,A-854864,2024-12-30 15:24:00,2025-01-02 10:17:15,66.9,urgent,53,2.0,False
T-b882cc,A-854864,2024-12-16 11:57:00,2024-12-18 18:02:02,54.1,urgent,69,4.0,False
T-12a31a,A-854864,2024-12-12 17:52:00,2024-12-13 07:02:49,13.2,urgent,35,3.0,False
T-630b5a,A-854864,2024-12-07 20:32:00,2024-12-08 19:43:29,23.2,urgent,41,,False
T-92ad06,A-854864,2024-12-10 12:39:00,2024-12-11 21:05:23,32.4,medium,148,2.0,False
T-cceb8f,A-297a2d,2023-06-08 19:31:00,2023-06-10 12:23:41,40.9,urgent,51,,False
T-5abdbc,A-b9eed8,2024-10-30 08:51:00,2024-10-30 22:15:36,13.4,low,42,4.0,False
T-4bdc86,A-b9eed8,2024-04-22 10:10:00,2024-04-22 17:31:32,7.4,low,103,5.0,False
T-9c1719,A-b9eed8,2024-02-24 19:03:00,2024-02-25 20:47:52,25.7,low,89,,False
T-f26381,A-f45426,2024-10-13 09:14:00,2024-10-13 12:51:45,3.6,low,101,3.0,False
T-b81be4,A-f45426,2024-12-13 19:43:00,2024-12-14 10:39:05,14.9,medium,133,,False
T-778bb8,A-f45426,2024-11-25 12:12:00,2024-11-28 12:12:00,72.0,low,35,2.0,False
T-91888c,A-f45426,2024-12-09 14:59:00,2024-12-10 08:54:20,17.9,medium,69,3.0,False
T-36385e,A-f45426,2024-10-11 12:43:00,2024-10-12 21:48:35,33.1,high,178,,False
T-3f960d,A-f45426,2024-10-28 11:17:00,2024-10-29 11:41:28,24.4,medium,84,,False
T-b905f8,A-bece89,2024-10-16 10:26:00,2024-10-17 11:56:13,25.5,medium,62,3.0,False
T-12c530,A-c70870,2024-11-03 10:16:00,2024-11-05 02:14:12,40.0,medium,117,,False
T-2b0881,A-c70870,2024-11-16 12:20:00,2024-11-17 08:19:50,20.0,high,40,2.0,False
T-70e6e0,A-c70870,2024-11-08 13:40:00,2024-11-09 20:47:18,31.1,high,116,4.0,False
T-c4488b,A-c70870,2024-12-06 17:44:00,2024-12-07 09:31:42,15.8,urgent,131,3.0,False
T-913b58,A-812c5b,2024-09-29 07:39:00,2024-09-30 00:40:19,17.0,medium,76,,True
T-6f89bb,A-812c5b,2024-03-01 08:44:00,2024-03-01 20:07:04,11.4,medium,80,3.0,False
T-cf9b2d,A-812c5b,2024-12-22 19:07:00,2024-12-24 15:24:54,44.3,high,167,3.0,False
T-f0d5fd,A-812c5b,2024-09-23 13:42:00,2024-09-24 03:41:56,14.0,medium,30,3.0,False
T-aa77dc,A-f17767,2023-11-11 07:49:00,2023-11-12 15:07:09,31.3,low,117,,False
T-575c6f,A-f17767,2024-11-08 14:35:00,2024-11-09 02:15:51,11.7,urgent,53,4.0,False
T-ca0555,A-f17767,2024-06-02 12:06:00,2024-06-03 16:20:32,28.2,low,55,,False
T-24dedf,A-e1b9cd,2023-07-20 17:30:00,2023-07-22 10:45:48,41.3,medium,41,4.0,False
T-8be8bb,A-e1b9cd,2023-06-04 19:21:00,2023-06-05 02:10:03,6.8,low,71,3.0,False
T-b531a8,A-05d3b3,2023-06-04 15:32:00,2023-06-07 15:32:00,72.0,low,180,,False
T-ebcb76,A-05d3b3,2024-08-20 08:06:00,2024-08-20 20:27:51,12.4,medium,84,3.0,False
T-d4ff3f,A-05d3b3,2024-05-17 20:31:00,2024-05-20 12:57:44,64.4,urgent,55,,False
T-0e18e6,A-05d3b3,2023-08-01 09:50:00,2023-08-02 12:44:12,26.9,urgent,90,,True
T-6b39a9,A-05d3b3,2024-03-08 13:44:00,2024-03-10 10:32:03,44.8,low,121,2.0,False
T-f1f604,A-4c56c9,2024-12-08 20:54:00,2024-12-09 22:53:58,26.0,urgent,55,5.0,False
T-4cf108,A-10b8f2,2023-05-10 14:03:00,2023-05-11 08:37:32,18.6,high,62,4.0,False
T-900a97,A-10b8f2,2023-06-26 12:03:00,2023-06-28 07:42:49,43.7,low,52,2.0,True
T-abd833,A-10b8f2,2023-08-23 10:47:00,2023-08-25 12:55:13,50.1,urgent,46,4.0,False
T-d23f96,A-10b8f2,2023-02-28 07:26:00,2023-02-28 22:07:49,14.7,medium,114,2.0,True
T-5fa8c6,A-10b8f2,2023-07-09 17:15:00,2023-07-10 22:39:42,29.4,high,49,4.0,False
T-3bb2a5,A-10b8f2,2024-01-21 18:25:00,2024-01-24 18:25:00,72.0,urgent,121,3.0,True
T-227865,A-dec005,2024-06-03 08:27:00,2024-06-06 08:27:00,72.0,medium,73,2.0,False
T-ef27ce,A-dec005,2024-11-04 18:40:00,2024-11-05 06:58:05,12.3,high,74,,True
T-7765d0,A-dec005,2024-06-11 10:12:00,2024-06-12 17:09:00,31.0,urgent,51,,False
T-1b6264,A-dec005,2024-04-22 10:11:00,2024-04-25 00:59:03,62.8,low,88,4.0,False
T-bdba4a,A-eb7fac,2023-12-15 19:34:00,2023-12-17 12:32:35,41.0,urgent,76,5.0,False
T-622fd3,A-eb7fac,2024-12-20 16:14:00,2024-12-22 14:46:13,46.5,low,103,,False
T-26742a,A-2d1036,2024-11-04 11:20:00,2024-11-05 16:33:04,29.2,low,180,,False
T-4120c5,A-2d1036,2024-12-12 10:09:00,2024-12-14 08:46:45,46.6,medium,90,,False
T-4f39f8,A-439b2f,2024-08-25 18:17:00,2024-08-27 07:49:34,37.5,urgent,67,,True
T-69b23b,A-439b2f,2024-07-30 09:10:00,2024-08-01 03:37:06,42.5,high,51,,True
T-f2ed74,A-439b2f,2024-02-23 16:44:00,2024-02-25 04:19:44,35.6,low,101,2.0,False
T-da48b2,A-439b2f,2024-02-25 19:34:00,2024-02-27 13:44:34,42.2,high,150,2.0,False
T-51906a,A-439b2f,2024-03-23 20:01:00,2024-03-24 11:02:46,15.0,medium,180,2.0,False
T-fb9cd7,A-439b2f,2024-07-18 19:37:00,2024-07-19 19:58:17,24.4,urgent,180,4.0,False
T-741083,A-439b2f,2024-09-17 08:52:00,2024-09-19 11:55:55,51.1,high,180,3.0,False
T-c8679b,A-98a59a,2023-08-08 08:12:00,2023-08-09 16:17:05,32.1,low,83,,False
T-fac822,A-98a59a,2024-09-23 19:00:00,2024-09-25 00:25:55,29.4,medium,180,5.0,False
T-cb745a,A-98a59a,2023-09-19 19:52:00,2023-09-20 21:24:22,25.5,low,96,,False
T-21c183,A-98a59a,2023-08-21 10:44:00,2023-08-22 07:27:55,20.7,low,36,5.0,False
T-6dc669,A-d5a319,2023-05-16 13:31:00,2023-05-19 13:31:00,72.0,low,78,2.0,False
T-21e929,A-d5a319,2024-09-01 16:52:00,2024-09-02 09:36:49,16.7,medium,58,3.0,False
T-f81579,A-ced9aa,2024-12-10 10:20:00,2024-12-11 17:51:24,31.5,low,9,4.0,False
T-615735,A-76fa4d,2024-11-30 10:29:00,2024-11-30 22:21:34,11.9,low,36,,False
T-3adcfc,A-76fa4d,2024-12-04 15:55:00,2024-12-04 23:56:34,8.0,medium,36,5.0,False
T-f45832,A-bbc346,2024-09-10 16:50:00,2024-09-11 04:48:39,12.0,low,6,5.0,False
T-143615,A-fa2041,2024-06-12 12:12:00,2024-06-14 20:58:10,56.8,urgent,106,2.0,False
T-8221f5,A-fa2041,2024-06-12 08:02:00,2024-06-13 17:57:00,33.9,high,180,2.0,False
T-c7f9b7,A-fa2041,2024-06-02 15:32:00,2024-06-04 22:19:41,54.8,urgent,35,4.0,True
T-5a0151,A-fa2041,2024-06-11 15:23:00,2024-06-14 15:23:00,72.0,low,121,,False
T-8e1f0c,A-7a0d69,2024-09-13 19:52:00,2024-09-16 00:42:30,52.8,low,105,3.0,True
T-0b326d,A-7a0d69,2024-06-23 14:03:00,2024-06-25 02:28:56,36.4,low,78,4.0,False
T-1974a9,A-7a0d69,2024-07-07 19:51:00,2024-07-10 09:33:15,61.7,medium,64,,False
T-bc92b4,A-7a0d69,2024-10-01 11:31:00,2024-10-03 12:02:01,48.5,urgent,112,,False
T-1fffcf,A-7a0d69,2024-10-07 17:17:00,2024-10-09 17:43:31,48.4,urgent,59,,False
T-95a0bd,A-7a0d69,2024-07-25 14:27:00,2024-07-25 23:57:20,9.5,medium,132,,True
T-90764c,A-7a0d69,2024-07-14 19:55:00,2024-07-17 09:26:10,61.5,urgent,46,2.0,False
T-1a4983,A-7a0d69,2024-09-01 19:06:00,2024-09-04 00:02:22,52.9,low,129,,True
T-581411,A-b20d99,2024-02-09 18:04:00,2024-02-11 02:46:20,32.7,high,65,4.0,False
T-b66b0c,A-b20d99,2024-02-18 07:22:00,2024-02-18 22:13:39,14.9,high,97,4.0,False
T-507bfa,A-b20d99,2024-03-26 17:52:00,2024-03-27 19:46:19,25.9,high,120,4.0,False
T-ea1dd2,A-b20d99,2024-08-18 09:40:00,2024-08-19 21:10:47,35.5,urgent,56,4.0,False
T-3473a6,A-1f7acb,2024-05-07 18:11:00,2024-05-10 18:11:00,72.0,high,159,3.0,False
T-39752f,A-1f7acb,2023-09-28 07:01:00,2023-10-01 07:01:00,72.0,high,60,1.0,False
T-2d827f,A-1f7acb,2023-09-23 09:35:00,2023-09-26 00:01:53,62.4,low,180,,False
T-8841e2,A-1f7acb,2023-08-27 20:12:00,2023-08-30 20:12:00,72.0,high,180,,False
T-78be43,A-1f7acb,2024-04-08 17:00:00,2024-04-11 11:55:09,66.9,urgent,72,3.0,False
T-937e0e,A-1f7acb,2023-11-13 14:02:00,2023-11-14 08:31:03,18.5,urgent,117,2.0,False
T-48fd4d,A-1f7acb,2024-03-27 13:10:00,2024-03-29 01:50:06,36.7,urgent,88,2.0,False
T-33e5cf,A-1f7acb,2024-02-21 18:58:00,2024-02-23 11:05:09,40.1,high,75,4.0,True
T-1a58d5,A-1f7acb,2024-05-26 11:36:00,2024-05-27 20:50:48,33.2,low,160,,False
T-511a21,A-1f7acb,2024-03-07 18:53:00,2024-03-08 13:15:31,18.4,low,69,,True
T-880875,A-1f7acb,2024-03-24 11:58:00,2024-03-25 22:30:13,34.5,high,180,3.0,False
T-9ad3bc,A-474ad4,2024-10-08 15:29:00,2024-10-11 04:44:28,61.3,medium,72,,False
T-3fce30,A-474ad4,2024-05-13 09:14:00,2024-05-14 02:48:43,17.6,low,89,4.0,False
T-b7ad60,A-474ad4,2024-04-22 14:28:00,2024-04-23 09:57:40,19.5,low,16,,False
T-b4c8fd,A-474ad4,2024-09-21 12:19:00,2024-09-22 06:29:14,18.2,medium,73,,False
T-615f42,A-474ad4,2024-11-05 07:54:00,2024-11-05 22:10:16,14.3,medium,53,,False
T-52feb0,A-474ad4,2024-07-01 19:40:00,2024-07-03 02:52:45,31.2,low,65,4.0,False
T-7e0594,A-39ddf4,2024-12-28 20:45:00,2024-12-30 09:41:03,36.9,medium,56,3.0,False
T-2863c9,A-39ddf4,2024-12-06 16:26:00,2024-12-08 15:11:02,46.8,low,133,3.0,False
T-a6a101,A-39ddf4,2024-12-12 19:26:00,2024-12-14 19:08:59,47.7,low,68,4.0,False
T-25dd7f,A-39ddf4,2024-12-22 16:12:00,2024-12-22 23:58:11,7.8,urgent,68,,False
T-26ff4e,A-bbe56f,2023-10-19 08:08:00,2023-10-19 18:31:23,10.4,low,56,,True
T-f7b1ab,A-bbe56f,2024-09-10 13:37:00,2024-09-11 08:18:53,18.7,medium,98,3.0,False
T-5e8b40,A-bbe56f,2023-05-25 09:06:00,2023-05-28 09:06:00,72.0,medium,51,2.0,False
T-f0ccc4,A-80eeb6,2024-02-21 19:17:00,2024-02-24 06:00:53,58.7,medium,120,,False
T-b6de14,A-80eeb6,2023-12-13 09:44:00,2023-12-13 15:26:36,5.7,low,29,,False
T-8337e1,A-80eeb6,2024-05-04 18:50:00,2024-05-05 10:29:16,15.7,medium,38,5.0,False
T-a003b3,A-80eeb6,2024-02-20 09:12:00,2024-02-20 17:29:16,8.3,low,20,3.0,False
T-2ba834,A-80eeb6,2023-08-10 07:29:00,2023-08-10 22:17:21,14.8,medium,68,,False
T-7bae10,A-80eeb6,2023-10-12 10:08:00,2023-10-14 05:38:53,43.5,medium,68,5.0,False
T-378e9b,A-84ebe4,2024-12-21 17:19:00,2024-12-22 10:10:52,16.9,low,75,4.0,False
T-a598e2,A-84ebe4,2023-10-19 15:50:00,2023-10-19 20:34:30,4.7,low,28,,False
T-8ddd6e,A-84ebe4,2024-06-07 16:11:00,2024-06-08 05:01:02,12.8,medium,126,4.0,False
T-ff0642,A-d922bf,2023-11-03 12:00:00,2023-11-04 04:36:25,16.6,low,36,3.0,False
T-e56534,A-d922bf,2024-02-04 19:33:00,2024-02-05 08:39:55,13.1,high,12,4.0,False
T-d718f9,A-d922bf,2024-05-09 08:11:00,2024-05-10 09:17:36,25.1,low,90,5.0,False
T-c7fbe5,A-39868b,2024-10-18 09:54:00,2024-10-20 18:58:25,57.1,urgent,14,2.0,False
T-cb3283,A-39868b,2024-07-31 11:19:00,2024-08-01 16:47:07,29.5,medium,30,,False
T-5037c1,A-7c4956,2024-08-06 17:47:00,2024-08-08 01:59:13,32.2,low,36,5.0,False
T-03b770,A-7c4956,2023-08-06 19:26:00,2023-08-09 13:34:28,66.1,high,86,4.0,False
T-533059,A-7c4956,2024-02-14 17:45:00,2024-02-15 12:25:56,18.7,low,80,4.0,False
T-275c06,A-7c4956,2024-08-10 19:46:00,2024-08-11 15:34:20,19.8,medium,43,,False
T-f5cb06,A-7c4956,2024-02-10 14:43:00,2024-02-11 00:07:22,9.4,medium,59,,False
T-6a4853,A-ffc04f,2024-09-21 13:47:00,2024-09-21 19:57:21,6.2,low,22,4.0,False
T-555e34,A-ffc04f,2024-11-09 19:20:00,2024-11-10 10:37:11,15.3,low,34,,False
T-ed8f6b,A-ad296b,2024-12-16 12:45:00,2024-12-18 04:09:12,39.4,high,52,,False
T-0a5fc8,A-ad296b,2024-09-02 13:19:00,2024-09-05 12:42:05,71.4,urgent,54,1.0,False
T-663fe7,A-ad296b,2024-10-16 12:58:00,2024-10-19 00:32:56,59.6,medium,37,4.0,False
T-abb654,A-ad296b,2024-09-15 14:50:00,2024-09-16 17:11:54,26.4,urgent,139,3.0,False
T-e75ca9,A-ad296b,2024-08-03 17:01:00,2024-08-04 09:17:45,16.3,medium,60,3.0,False
T-eb31b0,A-ad296b,2024-07-25 07:28:00,2024-07-28 07:28:00,72.0,medium,143,4.0,False
T-fbfae9,A-ad296b,2024-09-16 14:26:00,2024-09-18 08:25:37,42.0,high,130,,False
T-3a37e4,A-ad296b,2024-08-13 07:42:00,2024-08-16 07:42:00,72.0,low,60,3.0,False
T-3d5710,A-ad296b,2024-12-23 13:07:00,2024-12-24 02:08:48,13.0,low,66,,False
T-5c635e,A-ad296b,2024-11-02 13:28:00,2024-11-02 21:18:04,7.8,low,53,4.0,False
T-e34a46,A-ad296b,2024-11-05 18:12:00,2024-11-07 00:14:55,30.0,low,17,3.0,True
T-d6f2ef,A-ad296b,2024-08-18 09:37:00,2024-08-18 21:58:41,12.4,medium,162,3.0,False
T-718f19,A-8ae05d,2024-11-09 19:22:00,2024-11-10 21:07:01,25.8,urgent,56,,False
T-140e78,A-8ae05d,2024-04-24 07:11:00,2024-04-25 21:23:52,38.2,urgent,54,4.0,False
T-fcffeb,A-afa505,2024-10-26 20:20:00,2024-10-27 07:25:49,11.1,medium,21,,False
T-e18a4a,A-afa505,2024-01-20 15:32:00,2024-01-21 01:45:30,10.2,medium,62,5.0,False
T-bc7508,A-afa505,2024-05-09 12:37:00,2024-05-10 22:00:58,33.4,low,38,,False
T-5605c6,A-016043,2024-08-10 14:14:00,2024-08-11 06:10:36,15.9,medium,53,,False
T-05480f,A-016043,2024-09-15 14:08:00,2024-09-16 02:20:04,12.2,low,126,2.0,False
T-c99d92,A-016043,2024-08-25 20:20:00,2024-08-26 20:22:19,24.0,medium,37,1.0,False
T-65931e,A-71615e,2024-08-24 19:25:00,2024-08-25 14:23:41,19.0,low,108,,False
T-b940ef,A-71615e,2024-09-08 16:17:00,2024-09-10 02:11:57,33.9,urgent,47,4.0,False
T-d1977b,A-71615e,2024-10-14 17:42:00,2024-10-15 12:21:18,18.7,medium,30,,False
T-089f8c,A-71615e,2024-09-10 17:56:00,2024-09-11 07:48:51,13.9,low,85,,False
T-5a7b74,A-30b4ca,2024-06-08 16:32:00,2024-06-09 16:28:33,23.9,medium,179,,False
T-30ebf4,A-7c83a1,2024-11-03 15:15:00,2024-11-05 07:14:03,40.0,urgent,31,,False
T-b58252,A-7c83a1,2024-11-17 10:38:00,2024-11-19 01:58:31,39.3,low,116,3.0,False
T-8bd21a,A-aa9511,2024-12-27 08:53:00,2024-12-28 02:48:58,17.9,low,71,,False
T-319e85,A-aa9511,2024-08-08 19:18:00,2024-08-09 10:41:08,15.4,low,42,4.0,False
T-446d17,A-aa9511,2024-04-25 08:57:00,2024-04-26 09:54:12,25.0,urgent,155,5.0,False
T-bd1cc8,A-3932db,2023-11-19 10:15:00,2023-11-21 07:06:30,44.9,urgent,180,4.0,False
T-d9b325,A-3932db,2023-11-01 10:13:00,2023-11-02 15:53:58,29.7,medium,180,2.0,False
T-d718c6,A-3932db,2024-02-26 13:38:00,2024-02-27 18:27:04,28.8,high,38,,False
T-7713d4,A-3932db,2024-04-17 16:19:00,2024-04-18 08:34:39,16.3,low,15,,False
T-6c6c77,A-3932db,2024-04-06 08:37:00,2024-04-09 08:37:00,72.0,high,49,,False
T-659ddb,A-3932db,2023-10-17 09:46:00,2023-10-18 06:00:38,20.2,urgent,46,,True
T-c4da3d,A-3932db,2023-10-29 09:06:00,2023-10-29 23:41:14,14.6,low,76,4.0,False
T-0c9cf8,A-3932db,2024-02-20 20:26:00,2024-02-23 05:58:41,57.5,low,107,,True
T-2ece28,A-3932db,2023-12-05 13:23:00,2023-12-06 21:09:54,31.8,high,151,,False
T-3a6cf5,A-66224b,2024-12-25 10:18:00,2024-12-25 23:57:28,13.7,urgent,46,3.0,False
T-47d85f,A-66224b,2024-11-01 11:06:00,2024-11-02 07:00:05,19.9,high,92,4.0,False
T-5dcb3d,A-66224b,2024-12-15 08:02:00,2024-12-18 08:02:00,72.0,medium,46,4.0,False
T-89e25b,A-66224b,2024-11-21 09:34:00,2024-11-23 13:32:36,52.0,high,49,4.0,False
T-afcbe0,A-66224b,2024-10-20 17:03:00,2024-10-21 23:08:40,30.1,low,39,,False
T-a8d6da,A-66224b,2024-11-15 08:56:00,2024-11-16 07:33:38,22.6,low,106,3.0,False
T-eb54e2,A-66224b,2024-12-10 08:51:00,2024-12-12 01:27:15,40.6,low,154,,False
T-e88bc7,A-4e0e85,2024-04-14 17:58:00,2024-04-15 09:20:52,15.4,low,13,3.0,False
T-eae77f,A-4e0e85,2023-10-07 18:08:00,2023-10-08 19:57:56,25.8,urgent,64,,False
T-b146f9,A-4e0e85,2023-09-19 12:54:00,2023-09-20 19:03:04,30.2,urgent,26,,False
T-7a7365,A-4e0e85,2023-11-24 19:20:00,2023-11-27 04:42:35,57.4,medium,33,3.0,False
T-c53c90,A-4e0e85,2023-12-20 16:38:00,2023-12-22 04:00:57,35.4,high,156,1.0,False
T-47d317,A-4e0e85,2024-05-28 19:48:00,2024-05-30 15:21:01,43.6,urgent,151,3.0,False
T-20ca81,A-4e0e85,2023-11-28 20:55:00,2023-11-30 10:53:41,38.0,medium,151,1.0,True
T-2631b1,A-4e0e85,2024-07-30 17:25:00,2024-07-31 22:28:00,29.1,high,122,,True
T-d8f3a2,A-2edab2,2024-04-28 07:13:00,2024-04-29 19:18:58,36.1,medium,62,,False
T-9d85b3,A-2edab2,2024-09-06 08:34:00,2024-09-07 16:55:54,32.4,urgent,70,2.0,False
T-08e6bc,A-2edab2,2024-11-10 17:02:00,2024-11-12 10:46:14,41.7,medium,102,3.0,True
T-4efb75,A-2edab2,2024-10-07 14:36:00,2024-10-10 14:36:00,72.0,medium,75,3.0,False
T-ab66a3,A-2edab2,2024-05-14 17:14:00,2024-05-17 17:14:00,72.0,medium,139,3.0,True
T-e99b7a,A-2edab2,2024-02-09 17:42:00,2024-02-11 22:25:33,52.7,urgent,70,2.0,False
T-2f75c5,A-2edab2,2024-06-17 20:26:00,2024-06-19 15:27:32,43.0,urgent,180,2.0,False
T-f8052e,A-2edab2,2024-08-08 11:50:00,2024-08-09 17:58:07,30.1,low,180,,False
T-665c45,A-cea1f0,2024-04-18 18:58:00,2024-04-18 22:38:38,3.7,low,22,5.0,False
T-024f45,A-cea1f0,2024-05-02 20:56:00,2024-05-04 14:38:03,41.7,medium,92,,False
T-4f0116,A-cea1f0,2024-12-04 19:58:00,2024-12-06 00:32:31,28.6,medium,68,5.0,False
T-43b0f5,A-5ed98d,2024-08-16 07:16:00,2024-08-16 15:19:18,8.1,medium,73,4.0,False
T-67a6f9,A-5ed98d,2024-07-12 15:00:00,2024-07-13 09:28:45,18.5,low,21,,False
T-ad838d,A-5ed98d,2024-07-12 15:11:00,2024-07-12 23:01:19,7.8,low,19,,False
T-2b613d,A-7d514c,2024-06-25 16:04:00,2024-06-27 21:03:37,53.0,low,113,,False
T-27e499,A-7d514c,2024-11-01 12:19:00,2024-11-02 20:18:57,32.0,urgent,53,,False
T-8b40cd,A-7d514c,2024-07-12 14:57:00,2024-07-13 09:30:05,18.6,low,65,4.0,False
T-798765,A-7d514c,2024-02-13 19:44:00,2024-02-16 07:48:27,60.1,low,109,4.0,False
T-c01d86,A-7d514c,2024-02-09 15:21:00,2024-02-10 20:10:14,28.8,medium,44,3.0,True
T-68344d,A-7d514c,2024-10-23 20:30:00,2024-10-24 12:42:44,16.2,high,13,,False
T-efb7c9,A-96e141,2024-04-07 20:07:00,2024-04-09 07:21:17,35.2,urgent,180,2.0,False
T-91e0d1,A-96e141,2024-04-20 09:20:00,2024-04-21 14:35:06,29.3,medium,176,3.0,False
T-f39fc4,A-96e141,2023-12-12 07:39:00,2023-12-15 07:39:00,72.0,high,87,,False
T-769a45,A-96e141,2024-05-13 14:03:00,2024-05-15 22:28:21,56.4,low,56,,False
T-a75f93,A-96e141,2024-03-01 20:44:00,2024-03-02 22:12:57,25.5,low,76,3.0,False
T-302612,A-96e141,2023-10-29 11:44:00,2023-10-30 23:03:19,35.3,urgent,31,,False
T-d11819,A-96e141,2023-08-19 15:01:00,2023-08-22 07:13:12,64.2,urgent,136,2.0,False
T-9611a5,A-ee42db,2023-08-01 12:25:00,2023-08-02 10:03:16,21.6,urgent,40,4.0,False
T-0c7f77,A-ee42db,2024-08-04 14:45:00,2024-08-05 23:17:03,32.5,medium,81,3.0,False
T-0cd050,A-970c97,2024-03-05 15:22:00,2024-03-06 16:40:49,25.3,low,132,2.0,True
T-ec9df7,A-970c97,2024-03-24 09:25:00,2024-03-25 09:34:34,24.2,high,84,2.0,False
T-883978,A-970c97,2024-03-14 18:37:00,2024-03-16 08:42:01,38.1,urgent,117,,False
T-43b57e,A-970c97,2024-03-13 11:19:00,2024-03-14 11:55:05,24.6,urgent,68,,False
T-26dfd5,A-970c97,2024-03-26 11:52:00,2024-03-27 11:08:37,23.3,urgent,109,2.0,True
T-0a7dbe,A-970c97,2024-03-26 10:20:00,2024-03-28 20:22:29,58.0,low,95,,True
T-24b6bb,A-970c97,2024-03-19 18:14:00,2024-03-21 10:59:12,40.8,medium,70,4.0,True
T-90ec62,A-970c97,2024-03-16 13:48:00,2024-03-16 22:33:02,8.8,high,90,3.0,False
T-96345b,A-b7ef83,2024-09-06 11:11:00,2024-09-07 03:42:15,16.5,urgent,43,,False
T-3c436c,A-b7ef83,2024-12-20 10:09:00,2024-12-22 05:26:16,43.3,medium,96,5.0,False
T-fcac8e,A-b7ef83,2024-11-21 19:11:00,2024-11-22 01:50:30,6.7,low,31,,False
T-169b82,A-b7ef83,2024-10-17 07:58:00,2024-10-17 16:18:47,8.3,urgent,40,,False
T-707494,A-b7ef83,2024-12-15 19:18:00,2024-12-17 14:01:32,42.7,urgent,180,,False
T-b34aeb,A-b7ef83,2024-10-31 20:05:00,2024-11-02 13:08:48,41.1,urgent,70,4.0,False
T-4f52b5,A-9289f6,2024-03-23 16:12:00,2024-03-25 14:26:53,46.2,urgent,19,2.0,False
T-a1e4b6,A-9289f6,2024-03-11 13:11:00,2024-03-12 13:59:55,24.8,urgent,157,2.0,True
T-18b528,A-9289f6,2024-12-18 14:28:00,2024-12-19 21:49:15,31.4,medium,136,,False
T-91cb56,A-9289f6,2023-10-30 15:05:00,2023-10-31 23:57:09,32.9,medium,34,2.0,False
T-65175b,A-9289f6,2023-06-01 18:58:00,2023-06-02 09:54:10,14.9,urgent,22,4.0,False
T-a94570,A-9289f6,2024-03-20 16:15:00,2024-03-22 04:50:08,36.6,urgent,142,3.0,False
T-b94f2c,A-9289f6,2024-07-09 19:47:00,2024-07-11 16:17:48,44.5,medium,80,3.0,False
T-78e692,A-9289f6,2023-12-20 13:05:00,2023-12-22 07:24:53,42.3,urgent,67,3.0,False
T-93ea60,A-9289f6,2023-12-03 07:39:00,2023-12-05 16:05:29,56.4,medium,180,3.0,False
T-7c984a,A-9289f6,2024-11-04 20:49:00,2024-11-06 12:48:32,40.0,low,110,,False
T-706bfb,A-9289f6,2023-09-12 07:52:00,2023-09-13 19:16:14,35.4,urgent,119,4.0,False
T-6b8a01,A-fdfc91,2023-08-25 15:34:00,2023-08-26 02:05:31,10.5,urgent,43,,False
T-b24ed3,A-fdfc91,2023-06-23 17:18:00,2023-06-24 01:54:14,8.6,low,9,3.0,False
T-811d5c,A-158f4e,2024-11-27 19:28:00,2024-11-28 11:34:32,16.1,low,32,5.0,False
T-7b140e,A-2bc93d,2023-09-24 08:45:00,2023-09-25 17:24:24,32.7,urgent,65,4.0,False
T-4218ba,A-2bc93d,2024-01-01 10:56:00,2024-01-02 07:10:19,20.2,urgent,65,,False
T-4f7b38,A-2bc93d,2023-11-16 09:31:00,2023-11-17 21:59:49,36.5,low,48,,False
T-0581ca,A-32728c,2023-02-28 19:36:00,2023-03-02 00:26:28,28.8,low,58,,False
T-0c095d,A-32728c,2023-12-13 19:26:00,2023-12-14 14:58:25,19.5,low,129,4.0,False
T-b22c05,A-32728c,2023-01-09 19:37:00,2023-01-10 23:53:38,28.3,high,43,,False
T-b17227,A-32728c,2023-03-29 10:03:00,2023-03-31 01:27:38,39.4,high,130,1.0,False
T-fb5047,A-cc98bc,2023-06-25 07:19:00,2023-06-26 16:27:48,33.1,medium,180,,False
T-f67302,A-cc98bc,2024-01-02 08:55:00,2024-01-03 12:40:39,27.8,high,65,3.0,False
T-6cf215,A-cc98bc,2023-10-13 12:22:00,2023-10-16 12:22:00,72.0,urgent,168,,False
T-6f9948,A-cc98bc,2023-06-29 11:24:00,2023-07-02 10:28:37,71.1,urgent,92,,False
T-8b57d1,A-cc98bc,2023-09-10 13:51:00,2023-09-11 19:53:05,30.0,urgent,151,,False
T-346444,A-cc98bc,2023-08-22 14:15:00,2023-08-23 19:09:01,28.9,medium,86,3.0,False
T-beef10,A-0651a4,2024-10-27 15:13:00,2024-10-29 16:54:05,49.7,medium,26,,False
T-13d0da,A-0651a4,2024-11-03 15:56:00,2024-11-04 05:39:11,13.7,low,76,5.0,False
T-c8ee56,A-0651a4,2024-11-01 10:31:00,2024-11-02 13:53:18,27.4,low,51,4.0,False
T-345baf,A-089363,2024-01-17 15:27:00,2024-01-18 01:41:24,10.2,medium,79,5.0,False
T-f5dac3,A-089363,2024-04-07 18:37:00,2024-04-09 10:04:46,39.5,medium,75,4.0,False
T-afc713,A-089363,2023-09-26 18:45:00,2023-09-27 16:35:55,21.8,low,21,,False
T-18ac3c,A-089363,2024-10-01 20:27:00,2024-10-03 07:02:03,34.6,medium,121,,False
T-93ad84,A-089363,2023-10-17 07:50:00,2023-10-17 18:05:54,10.3,medium,66,,False
T-9dd5c2,A-53f4e3,2024-10-11 18:12:00,2024-10-14 18:12:00,72.0,urgent,172,,False
T-8c30d0,A-53f4e3,2024-09-23 15:07:00,2024-09-24 01:04:01,10.0,low,32,3.0,False
T-b3c5b1,A-53f4e3,2024-07-20 07:05:00,2024-07-23 06:40:07,71.6,medium,63,,False
T-49adfb,A-53f4e3,2024-09-29 15:33:00,2024-09-30 00:25:05,8.9,high,61,3.0,False
T-d11f44,A-53f4e3,2024-12-14 11:56:00,2024-12-16 12:55:10,49.0,medium,88,,False
T-5e764d,A-53f4e3,2024-10-14 19:02:00,2024-10-16 08:36:29,37.6,urgent,96,,False
T-0de384,A-53f4e3,2024-12-07 17:10:00,2024-12-09 20:35:19,51.4,high,115,3.0,False
T-65f4e3,A-53f4e3,2024-11-08 10:13:00,2024-11-11 01:58:13,63.8,low,77,,False
T-a32572,A-53f4e3,2024-07-14 18:19:00,2024-07-17 15:37:18,69.3,medium,148,3.0,False
T-66961f,A-53f4e3,2024-09-15 11:32:00,2024-09-17 10:11:58,46.7,medium,44,,False
T-2cde6c,A-c45b23,2024-02-18 15:57:00,2024-02-19 09:35:02,17.6,urgent,25,,False
T-e3dd59,A-c45b23,2024-11-25 12:40:00,2024-11-27 20:38:19,56.0,medium,43,4.0,False
T-fd4ce3,A-c45b23,2024-04-23 11:30:00,2024-04-24 00:35:04,13.1,medium,125,,False
T-17c56f,A-c45b23,2024-04-28 18:53:00,2024-04-29 15:27:40,20.6,medium,47,3.0,False
T-037449,A-9ee962,2023-09-15 18:49:00,2023-09-17 02:18:10,31.5,urgent,77,5.0,False
T-d1b1e0,A-054577,2024-10-23 15:45:00,2024-10-25 12:30:29,44.8,high,28,4.0,False
T-0e29f7,A-054577,2024-08-05 07:22:00,2024-08-06 10:54:08,27.5,low,47,,False
T-1db4eb,A-054577,2024-06-20 09:46:00,2024-06-22 02:57:59,41.2,low,40,3.0,False
T-e87f29,A-a8b49c,2024-01-03 12:42:00,2024-01-04 12:32:09,23.8,low,175,,False
T-b427f1,A-a8b49c,2024-03-02 07:48:00,2024-03-03 05:16:31,21.5,low,49,,False
T-ef0eaa,A-a8b49c,2024-06-16 09:52:00,2024-06-19 02:27:54,64.6,urgent,116,3.0,False
T-8bfcc0,A-a8b49c,2024-05-19 13:53:00,2024-05-20 03:19:22,13.4,high,68,,False
T-064d2e,A-a8b49c,2024-09-13 13:04:00,2024-09-16 13:04:00,72.0,low,137,2.0,False
T-e64024,A-a8b49c,2024-09-04 13:32:00,2024-09-05 10:43:27,21.2,medium,91,5.0,True
T-2c699d,A-a8b49c,2024-06-19 07:12:00,2024-06-21 02:39:28,43.5,high,52,,False
T-b140ba,A-a8b49c,2024-08-21 09:33:00,2024-08-22 03:07:25,17.6,low,125,2.0,False
T-1f688d,A-a8b49c,2024-09-28 11:24:00,2024-09-29 08:17:05,20.9,high,115,2.0,False
T-a265e6,A-0baac2,2024-06-16 07:05:00,2024-06-17 11:00:20,27.9,high,62,,False
T-5db1bb,A-0baac2,2024-06-13 13:07:00,2024-06-15 15:33:58,50.4,urgent,39,3.0,False
T-b61266,A-0baac2,2024-08-27 14:25:00,2024-08-28 14:39:07,24.2,low,57,4.0,False
T-8b0690,A-0baac2,2024-06-13 11:06:00,2024-06-14 17:15:47,30.2,medium,64,,False
T-85a160,A-0baac2,2024-08-22 17:46:00,2024-08-23 20:19:27,26.6,urgent,60,,False
T-5f3435,A-0baac2,2024-10-24 14:12:00,2024-10-27 13:41:01,71.5,high,24,4.0,False
T-36c878,A-52dd88,2023-04-26 20:43:00,2023-04-27 02:51:12,6.1,medium,164,,True
T-14df09,A-52dd88,2023-08-28 09:28:00,2023-08-31 09:28:00,72.0,urgent,105,4.0,False
T-598dd8,A-52dd88,2024-06-16 18:38:00,2024-06-19 12:03:21,65.4,urgent,86,,False
T-6c8662,A-52dd88,2023-04-01 12:39:00,2023-04-04 07:09:46,66.5,high,99,2.0,False
T-f94a07,A-52dd88,2023-07-16 18:38:00,2023-07-18 12:57:36,42.3,high,62,3.0,True
T-851160,A-52dd88,2023-06-10 08:36:00,2023-06-12 10:41:24,50.1,low,62,,False
T-704ef4,A-52dd88,2023-11-19 16:28:00,2023-11-21 18:15:53,49.8,medium,67,,False
T-78a1fc,A-52dd88,2024-06-30 07:09:00,2024-07-02 21:42:38,62.6,medium,44,2.0,False
T-d5bd7a,A-52dd88,2023-04-09 09:40:00,2023-04-11 18:01:51,56.4,urgent,81,3.0,True
T-d7c6d7,A-52dd88,2023-10-11 15:03:00,2023-10-14 15:03:00,72.0,urgent,180,,False
T-5c8c54,A-52dd88,2023-06-09 07:29:00,2023-06-10 15:27:37,32.0,medium,137,,False
T-4d9dd2,A-52dd88,2023-06-23 15:53:00,2023-06-24 11:32:29,19.7,medium,94,5.0,False
T-76e640,A-f44180,2023-05-16 10:03:00,2023-05-19 10:03:00,72.0,high,37,5.0,False
T-e86b43,A-f44180,2023-08-26 19:22:00,2023-08-27 11:34:25,16.2,urgent,36,,False
T-f85f92,A-f44180,2023-04-11 09:00:00,2023-04-11 19:53:07,10.9,medium,91,2.0,True
T-66e756,A-117171,2024-12-29 07:14:00,2024-12-30 13:56:31,30.7,medium,62,2.0,True
T-24f315,A-117171,2024-11-15 10:42:00,2024-11-17 10:34:38,47.9,urgent,35,3.0,False
T-8e11d9,A-117171,2024-11-29 14:05:00,2024-12-01 17:02:07,51.0,low,87,3.0,False
T-3ba56d,A-117171,2024-11-05 13:05:00,2024-11-08 13:05:00,72.0,high,75,2.0,False
T-67c3df,A-117171,2024-11-18 07:23:00,2024-11-20 10:13:40,50.8,high,180,3.0,False
T-85d6ee,A-117171,2024-10-08 09:42:00,2024-10-10 15:29:10,53.8,medium,132,3.0,False
T-098fef,A-117171,2024-10-15 10:45:00,2024-10-16 09:42:12,23.0,medium,64,,False
T-7c03e8,A-117171,2024-11-20 10:12:00,2024-11-21 00:52:46,14.7,high,66,3.0,True
T-0a9d93,A-c608c8,2023-07-20 08:40:00,2023-07-23 08:40:00,72.0,low,76,,False
T-e0e954,A-c608c8,2023-12-21 17:40:00,2023-12-23 10:59:32,41.3,urgent,180,3.0,False
T-38b854,A-c608c8,2023-12-05 10:19:00,2023-12-06 18:48:09,32.5,medium,49,3.0,False
T-e98d84,A-c608c8,2023-05-27 07:39:00,2023-05-27 21:42:11,14.1,high,178,3.0,False
T-dc7a5c,A-c608c8,2023-11-04 07:39:00,2023-11-06 05:17:26,45.6,low,45,3.0,False
T-ab201b,A-c608c8,2023-04-29 14:57:00,2023-04-30 15:46:42,24.8,low,58,3.0,False
T-40e9aa,A-c608c8,2024-03-29 16:54:00,2024-03-30 09:44:40,16.8,medium,132,,False
T-bce828,A-c608c8,2023-11-08 19:53:00,2023-11-09 21:53:13,26.0,medium,100,3.0,False
T-9afc1b,A-68f37c,2024-12-15 16:19:00,2024-12-17 00:54:05,32.6,low,50,,False
T-95f818,A-68f37c,2023-12-17 14:34:00,2023-12-19 19:21:20,52.8,high,91,,False
T-66f051,A-68f37c,2024-08-23 20:13:00,2024-08-24 23:56:03,27.7,urgent,46,4.0,False
T-e4f8cc,A-68f37c,2024-08-08 10:30:00,2024-08-08 23:53:18,13.4,high,66,,False
T-011c0e,A-68f37c,2024-01-28 11:24:00,2024-01-30 16:14:52,52.8,low,9,3.0,False
T-0434cb,A-68f37c,2024-07-26 17:26:00,2024-07-28 07:20:07,37.9,medium,30,4.0,False
T-378d4a,A-bcbe98,2024-12-10 16:56:00,2024-12-11 10:32:44,17.6,medium,39,5.0,False
T-3191d0,A-bcbe98,2024-09-22 19:34:00,2024-09-23 08:18:12,12.7,medium,50,5.0,False
T-fba13f,A-bcbe98,2024-10-07 11:59:00,2024-10-08 06:03:00,18.1,urgent,10,3.0,False
T-ef9dbc,A-9a532a,2024-07-24 13:14:00,2024-07-26 05:17:41,40.1,medium,60,2.0,False
T-28dd05,A-9a532a,2024-07-31 07:23:00,2024-08-01 04:26:36,21.1,low,161,5.0,False
T-fd48df,A-9a532a,2024-10-07 20:43:00,2024-10-08 12:23:22,15.7,low,62,,False
T-ec4419,A-9a532a,2024-08-22 15:31:00,2024-08-25 15:31:00,72.0,medium,180,4.0,False
T-51203e,A-9a532a,2024-08-13 10:41:00,2024-08-15 00:54:02,38.2,high,69,4.0,False
T-bc7a97,A-9a532a,2024-07-28 20:33:00,2024-07-30 08:16:02,35.7,medium,135,3.0,False
T-34edd8,A-9a532a,2024-08-27 12:09:00,2024-08-28 17:35:32,29.4,medium,27,3.0,False
T-094aa7,A-a8d89d,2024-01-29 16:25:00,2024-02-01 16:25:00,72.0,urgent,180,1.0,True
T-49d005,A-a8d89d,2024-08-15 10:38:00,2024-08-17 08:47:28,46.2,high,43,4.0,False
T-2c0ec8,A-a8d89d,2024-02-28 19:05:00,2024-03-01 04:37:33,33.5,urgent,180,,False
T-78c649,A-a8d89d,2023-12-20 08:03:00,2023-12-22 09:18:53,49.3,urgent,180,1.0,True
T-82fdf5,A-e60f9d,2024-12-10 20:18:00,2024-12-11 21:57:01,25.7,medium,61,5.0,False
T-e66e5f,A-e60f9d,2024-09-06 12:44:00,2024-09-09 02:19:05,61.6,medium,68,,False
T-2e8932,A-e60f9d,2024-10-27 20:18:00,2024-10-29 02:56:24,30.6,urgent,114,,False
T-2f14e8,A-e60f9d,2024-10-31 13:38:00,2024-11-01 17:06:24,27.5,low,76,2.0,False
T-1a5d99,A-e2cd1b,2024-07-02 12:15:00,2024-07-02 20:54:26,8.7,low,168,5.0,False
T-b83e51,A-e2cd1b,2024-04-24 07:22:00,2024-04-25 09:27:00,26.1,medium,83,4.0,False
T-58d746,A-157070,2024-10-11 07:18:00,2024-10-12 09:11:55,25.9,medium,98,5.0,False
T-d12c6b,A-4a267b,2024-11-18 07:51:00,2024-11-19 07:51:31,24.0,urgent,134,,False
T-976819,A-4a267b,2024-08-04 07:49:00,2024-08-04 17:42:43,9.9,medium,81,3.0,False
T-1b98e2,A-4a267b,2024-12-14 15:41:00,2024-12-16 03:08:16,35.5,low,74,5.0,False
T-d09d08,A-4a267b,2024-07-26 14:07:00,2024-07-28 04:41:10,38.6,urgent,110,,False
T-8657a9,A-86fc1d,2024-11-14 16:56:00,2024-11-16 10:14:44,41.3,medium,99,,False
T-3f9d52,A-86fc1d,2024-10-13 08:08:00,2024-10-15 16:28:09,56.3,low,63,,False
T-67b05b,A-86fc1d,2024-11-19 14:56:00,2024-11-22 02:12:36,59.3,low,50,,False
T-ef9de4,A-86fc1d,2024-09-10 18:30:00,2024-09-13 18:30:00,72.0,high,133,3.0,False
T-f8996a,A-86fc1d,2024-08-15 11:21:00,2024-08-16 18:23:25,31.0,low,180,,True
T-ac4429,A-86fc1d,2024-09-23 14:59:00,2024-09-25 13:34:50,46.6,low,112,,False
T-190662,A-86fc1d,2024-09-18 10:34:00,2024-09-20 09:44:57,47.2,medium,180,3.0,False
T-49bb5c,A-1d5444,2024-03-05 19:05:00,2024-03-06 06:55:22,11.8,high,72,,False
T-8d6670,A-1d5444,2024-06-21 16:58:00,2024-06-22 04:32:14,11.6,low,21,,False
T-cfcf43,A-b07346,2024-11-01 10:50:00,2024-11-03 09:29:29,46.7,medium,41,,False
T-779ea7,A-b07346,2024-10-20 08:25:00,2024-10-21 20:16:04,35.9,low,54,5.0,False
T-6a1b62,A-b07346,2024-12-15 18:19:00,2024-12-16 12:34:42,18.3,urgent,47,3.0,False
T-d6937b,A-65a46c,2023-11-08 15:26:00,2023-11-09 17:04:17,25.6,low,76,,False
T-348397,A-65a46c,2024-03-26 16:36:00,2024-03-29 00:11:17,55.6,urgent,54,1.0,True
T-0c3886,A-2ebb4b,2023-12-28 15:55:00,2023-12-30 18:12:19,50.3,medium,68,5.0,False
T-1c24eb,A-2ebb4b,2024-08-02 08:57:00,2024-08-03 03:28:41,18.5,medium,54,4.0,False
T-83215f,A-2ebb4b,2024-11-25 18:49:00,2024-11-27 09:33:59,38.7,urgent,48,2.0,False
T-a03c93,A-2ebb4b,2023-08-27 18:07:00,2023-08-28 15:56:59,21.8,medium,65,3.0,False
T-46156e,A-2ebb4b,2024-02-02 08:59:00,2024-02-03 13:51:41,28.9,high,2,4.0,False
T-e9b2bf,A-94d3da,2023-05-06 16:03:00,2023-05-08 05:08:15,37.1,medium,132,,False
T-f8eb11,A-94d3da,2024-08-10 16:43:00,2024-08-13 16:43:00,72.0,medium,180,,False
T-eb64ea,A-94d3da,2024-10-14 19:01:00,2024-10-16 12:13:27,41.2,medium,180,3.0,False
T-fd2f30,A-94d3da,2024-06-17 19:54:00,2024-06-18 22:05:42,26.2,high,97,2.0,False
T-eb4437,A-94d3da,2024-03-11 07:21:00,2024-03-12 19:52:15,36.5,urgent,109,,False
T-9e96dd,A-c9bb3e,2024-05-07 17:21:00,2024-05-08 07:47:06,14.4,urgent,51,,False
T-7097aa,A-c9bb3e,2024-04-20 16:46:00,2024-04-22 05:31:50,36.8,urgent,36,2.0,True
T-5bf828,A-c9bb3e,2024-04-25 07:43:00,2024-04-28 07:43:00,72.0,medium,180,4.0,False
T-d7e7dc,A-139c3b,2024-11-27 14:48:00,2024-11-28 02:52:39,12.1,medium,108,,False
T-ba5908,A-139c3b,2024-12-11 12:52:00,2024-12-12 11:26:30,22.6,medium,29,5.0,False
T-c80a60,A-139c3b,2024-12-02 09:37:00,2024-12-03 11:28:02,25.9,high,23,,False
T-cd00fa,A-443f6f,2024-12-27 09:30:00,2024-12-29 00:29:32,39.0,medium,33,,False
T-1e62d7,A-13466a,2023-12-11 08:05:00,2023-12-14 08:05:00,72.0,low,58,,False
T-92fde3,A-13466a,2023-11-04 20:09:00,2023-11-05 09:10:18,13.0,high,32,,False
T-8e6882,A-13466a,2024-04-02 10:20:00,2024-04-02 21:09:53,10.8,urgent,37,,False
T-c901f8,A-fd7ad3,2024-11-10 14:18:00,2024-11-13 02:31:42,60.2,low,44,4.0,False
T-9ff8f2,A-fd7ad3,2024-11-28 18:42:00,2024-11-29 23:35:13,28.9,high,112,,False
T-acb318,A-fd7ad3,2024-11-03 16:31:00,2024-11-04 15:06:40,22.6,low,66,,True
T-fbd148,A-fd7ad3,2024-12-21 14:38:00,2024-12-22 18:42:53,28.1,urgent,37,2.0,False
T-d604ec,A-fd7ad3,2024-11-28 13:58:00,2024-12-01 01:29:58,59.5,low,77,3.0,False
T-12f1c1,A-fd7ad3,2024-11-21 20:39:00,2024-11-24 01:20:18,52.7,high,18,3.0,True
T-de31c7,A-fd7ad3,2024-11-11 16:22:00,2024-11-12 18:58:52,26.6,low,61,,False
T-0b32b4,A-1b7577,2024-11-15 12:13:00,2024-11-16 12:53:25,24.7,high,118,5.0,False
T-6f5e2f,A-1b7577,2024-11-17 10:07:00,2024-11-19 00:34:38,38.5,high,55,3.0,False
T-58a80c,A-1b7577,2024-12-10 11:53:00,2024-12-11 14:07:16,26.2,high,43,3.0,False
T-752b5c,A-1b7577,2024-11-07 20:27:00,2024-11-08 16:49:15,20.4,urgent,68,4.0,False
T-49bb10,A-1b7577,2024-11-06 15:35:00,2024-11-08 10:34:11,43.0,low,35,4.0,False
T-88367d,A-1b7577,2024-12-11 15:09:00,2024-12-13 00:55:49,33.8,low,134,4.0,True
T-8e1320,A-1b7577,2024-12-13 20:44:00,2024-12-15 01:27:23,28.7,urgent,63,,False
T-3a0ca9,A-fd9422,2024-04-25 18:31:00,2024-04-27 09:21:13,38.8,low,94,3.0,False
T-f7fbaa,A-fd9422,2024-05-10 09:52:00,2024-05-11 13:44:57,27.9,medium,37,3.0,False
T-1dc1b8,A-fd9422,2024-04-19 12:57:00,2024-04-21 15:58:35,51.0,medium,77,4.0,False
T-6afb7a,A-fd9422,2024-09-13 12:10:00,2024-09-14 09:00:03,20.8,urgent,140,5.0,False
T-639c34,A-883b7d,2024-12-05 15:28:00,2024-12-06 08:44:30,17.3,urgent,106,4.0,False
T-ad5010,A-2446e3,2024-11-14 07:52:00,2024-11-16 14:40:02,54.8,urgent,62,3.0,False
T-7eaf86,A-2446e3,2024-10-03 13:44:00,2024-10-04 20:22:34,30.6,high,52,3.0,False
T-bf949d,A-2446e3,2024-05-11 13:45:00,2024-05-12 05:32:50,15.8,low,29,3.0,False
T-50379f,A-2446e3,2024-03-29 13:19:00,2024-03-30 08:47:28,19.5,medium,74,,False
T-45e5cc,A-2446e3,2024-11-22 14:11:00,2024-11-24 08:48:56,42.6,high,115,,False
T-3646a8,A-2446e3,2024-01-25 09:43:00,2024-01-26 10:50:40,25.1,low,60,5.0,True
T-8c2706,A-f19b24,2023-02-14 12:25:00,2023-02-15 09:10:56,20.8,low,180,2.0,False
T-a27852,A-f19b24,2023-02-08 20:37:00,2023-02-10 10:49:27,38.2,high,126,1.0,False
T-7e9109,A-f19b24,2023-02-07 15:15:00,2023-02-09 23:59:05,56.7,low,180,,False
T-77ed18,A-f19b24,2023-01-13 11:44:00,2023-01-16 11:44:00,72.0,high,180,1.0,False
T-48150a,A-0f3e88,2023-12-03 15:18:00,2023-12-04 18:24:23,27.1,high,17,4.0,False
T-7e41eb,A-0f3e88,2023-11-29 18:44:00,2023-11-30 19:16:32,24.5,urgent,66,,False
T-e6ec48,A-0f3e88,2024-05-03 15:02:00,2024-05-06 15:02:00,72.0,high,139,,False
T-9e6a30,A-9123ac,2024-10-24 17:41:00,2024-10-25 06:13:11,12.5,urgent,50,3.0,False
T-d2954c,A-d49cc5,2023-11-21 17:20:00,2023-11-22 22:46:38,29.4,low,77,,False
T-1f2489,A-d49cc5,2024-02-28 14:33:00,2024-02-28 20:12:33,5.7,low,53,4.0,False
T-102f63,A-410e86,2024-12-26 13:40:00,2024-12-27 15:01:37,25.4,urgent,56,5.0,False
T-1386d1,A-4437e4,2023-09-17 15:21:00,2023-09-18 09:13:13,17.9,low,69,2.0,False
T-0312f4,A-4437e4,2024-01-11 17:43:00,2024-01-14 12:55:39,67.2,urgent,115,4.0,False
T-ab3f8e,A-4437e4,2023-11-12 20:28:00,2023-11-13 15:07:51,18.7,high,155,,False
T-03b446,A-7e0a10,2023-11-21 15:38:00,2023-11-24 07:18:13,63.7,low,33,5.0,False
T-f87b51,A-c42f1f,2024-08-15 20:51:00,2024-08-18 17:36:56,68.8,urgent,55,4.0,False
T-139eff,A-c42f1f,2024-08-08 17:01:00,2024-08-11 17:01:00,72.0,urgent,73,3.0,True
T-a950b6,A-c42f1f,2024-10-12 20:09:00,2024-10-14 06:01:17,33.9,high,18,,False
T-4f6fce,A-c42f1f,2024-08-27 17:15:00,2024-08-29 11:32:04,42.3,urgent,36,3.0,False
T-7f4d3e,A-c42f1f,2024-10-13 15:23:00,2024-10-16 15:23:00,72.0,low,94,,False
T-17caf2,A-c42f1f,2024-10-01 07:36:00,2024-10-03 15:03:50,55.5,urgent,157,3.0,False
T-f6b07f,A-c42f1f,2024-08-23 16:11:00,2024-08-24 21:53:18,29.7,medium,69,,False
T-fe65e7,A-1f559b,2024-03-10 18:44:00,2024-03-13 00:58:21,54.2,medium,69,,False
T-ec127f,A-1f559b,2024-09-14 16:40:00,2024-09-15 06:26:33,13.8,high,61,4.0,False
T-1d2e73,A-1f559b,2023-09-26 15:31:00,2023-09-27 01:37:54,10.1,urgent,30,,False
T-ba1669,A-40906c,2024-08-06 17:35:00,2024-08-07 22:29:47,28.9,high,180,,False
T-b5b306,A-40906c,2024-05-13 13:41:00,2024-05-16 00:51:24,59.2,low,33,4.0,True
T-5f171e,A-40906c,2024-05-10 14:18:00,2024-05-11 06:21:20,16.1,low,119,,False
T-d56514,A-40906c,2024-06-07 15:31:00,2024-06-09 18:35:46,51.1,high,119,3.0,False
T-edf8ad,A-40906c,2024-08-07 07:24:00,2024-08-09 12:28:08,53.1,low,163,,False
T-181397,A-56962b,2024-12-05 12:09:00,2024-12-07 19:31:45,55.4,high,122,2.0,False
T-e32d8d,A-56962b,2024-09-10 11:46:00,2024-09-10 20:06:03,8.3,low,80,4.0,False
T-4f41af,A-56962b,2024-10-18 13:30:00,2024-10-19 04:12:03,14.7,medium,58,,False
T-04196a,A-378b99,2024-09-04 16:39:00,2024-09-05 22:33:42,29.9,high,169,1.0,False
T-03ddf0,A-378b99,2024-09-24 07:19:00,2024-09-26 01:08:22,41.8,low,138,,False
T-a750fc,A-378b99,2024-10-19 08:35:00,2024-10-21 00:43:10,40.1,urgent,88,2.0,False
T-11a9fb,A-378b99,2024-10-26 19:17:00,2024-10-28 07:27:25,36.2,high,180,2.0,True
T-ff6328,A-378b99,2024-09-17 09:56:00,2024-09-19 02:22:19,40.4,high,57,4.0,False
T-799b2f,A-378b99,2024-10-10 15:13:00,2024-10-11 04:30:20,13.3,medium,86,2.0,True
T-9aeac5,A-378b99,2024-09-28 13:21:00,2024-09-30 02:17:18,36.9,medium,125,2.0,False
T-41cc3d,A-378b99,2024-09-10 19:55:00,2024-09-13 19:55:00,72.0,urgent,36,,False
T-9bb8af,A-3ce5b8,2024-11-04 20:19:00,2024-11-06 06:06:30,33.8,low,107,,False
T-ebdc19,A-3ce5b8,2024-12-02 18:57:00,2024-12-04 14:21:48,43.4,medium,72,,False
T-d1fb6c,A-3ce5b8,2024-09-19 08:14:00,2024-09-21 18:50:51,58.6,low,64,4.0,False
T-997d21,A-3ce5b8,2024-11-28 13:59:00,2024-11-29 12:26:28,22.5,medium,13,4.0,False
T-fd5799,A-039727,2024-12-13 10:23:00,2024-12-13 23:09:00,12.8,high,107,4.0,False
T-8e8b1a,A-039727,2024-11-09 13:16:00,2024-11-10 10:48:40,21.5,urgent,158,4.0,False
T-f5c255,A-7f4db3,2024-03-13 09:14:00,2024-03-15 12:18:33,51.1,low,64,,True
T-41d801,A-22d9d2,2024-10-03 18:56:00,2024-10-04 22:32:36,27.6,high,45,2.0,False
T-41cd78,A-22d9d2,2024-05-24 13:55:00,2024-05-26 21:08:36,55.2,low,51,2.0,False
T-55aff4,A-22d9d2,2024-06-15 19:08:00,2024-06-18 19:08:00,72.0,urgent,67,,True
T-9e0764,A-22d9d2,2024-12-27 16:04:00,2024-12-29 12:21:35,44.3,high,69,2.0,False
T-a15569,A-22d9d2,2024-11-24 07:02:00,2024-11-26 09:33:51,50.5,high,169,3.0,False
T-408799,A-22d9d2,2024-08-05 15:43:00,2024-08-07 17:17:45,49.6,urgent,91,3.0,True
T-8d0457,A-22d9d2,2024-04-14 11:51:00,2024-04-16 04:22:16,40.5,medium,90,,False
T-9b1e69,A-22d9d2,2024-09-26 09:43:00,2024-09-27 09:16:13,23.6,urgent,150,2.0,False
T-d2fd05,A-5a184f,2023-08-28 17:17:00,2023-08-31 00:26:40,55.2,urgent,41,4.0,False
T-7539a4,A-5a184f,2024-06-27 16:19:00,2024-06-29 08:29:19,40.2,low,67,,False
T-502220,A-0f6450,2024-12-27 08:00:00,2024-12-28 08:55:55,24.9,medium,77,2.0,False
T-8cb39a,A-0f6450,2024-12-28 09:34:00,2024-12-29 17:34:28,32.0,medium,129,,False
T-3b8ee0,A-1ac5e0,2024-12-01 11:00:00,2024-12-01 20:32:27,9.5,urgent,44,5.0,False
T-0ec72d,A-b44e3e,2024-06-16 09:08:00,2024-06-17 18:09:24,33.0,medium,125,2.0,False
T-bfb241,A-b44e3e,2024-11-30 13:26:00,2024-12-01 03:50:24,14.4,urgent,152,2.0,False
T-351de5,A-b44e3e,2024-06-22 13:48:00,2024-06-25 00:25:50,58.6,medium,59,3.0,False
T-c003a1,A-b44e3e,2024-04-14 17:09:00,2024-04-16 05:56:37,36.8,high,92,,False
T-113b2a,A-b44e3e,2024-07-08 08:08:00,2024-07-09 23:33:35,39.4,medium,148,2.0,True
T-9ceaa8,A-b44e3e,2024-07-10 09:36:00,2024-07-11 15:05:12,29.5,high,150,4.0,False
T-0f9ab4,A-8ed5dd,2023-08-16 17:42:00,2023-08-17 14:20:14,20.6,urgent,31,,False
T-8bd1bc,A-8ed5dd,2024-04-07 16:32:00,2024-04-08 19:28:42,26.9,urgent,67,,False
T-5c253b,A-8ed5dd,2024-02-29 19:02:00,2024-02-29 21:30:17,2.5,medium,21,,False
T-57f624,A-8ed5dd,2023-12-18 08:15:00,2023-12-19 04:27:37,20.2,medium,13,,False
T-3e180e,A-fda07f,2024-09-23 07:38:00,2024-09-25 03:35:42,44.0,low,157,4.0,True
T-4ead5b,A-fda07f,2024-08-18 07:46:00,2024-08-20 13:54:30,54.1,urgent,94,2.0,True
T-efa5ce,A-fda07f,2024-09-13 14:55:00,2024-09-14 23:08:29,32.2,urgent,21,4.0,False
T-e4846a,A-fda07f,2024-08-11 20:03:00,2024-08-14 20:03:00,72.0,medium,148,,False
T-c912c6,A-fda07f,2024-12-02 07:57:00,2024-12-04 01:10:28,41.2,medium,126,2.0,True
T-f5cdf0,A-fda07f,2024-10-21 09:40:00,2024-10-24 09:40:00,72.0,urgent,158,3.0,False
T-8b073c,A-fda07f,2024-11-11 08:31:00,2024-11-14 00:16:30,63.8,urgent,27,,False
T-638dcb,A-fda07f,2024-09-29 17:43:00,2024-09-30 17:03:26,23.3,medium,134,2.0,False
T-69846a,A-fda07f,2024-10-14 18:39:00,2024-10-15 23:59:10,29.3,high,86,2.0,False
T-742b65,A-fda07f,2024-11-04 16:29:00,2024-11-06 23:20:56,54.9,urgent,99,3.0,False
T-e5cc72,A-fda07f,2024-12-06 20:44:00,2024-12-07 07:58:07,11.2,low,115,,True
T-be559a,A-940b8b,2024-05-17 15:48:00,2024-05-18 20:35:54,28.8,low,80,4.0,False
T-aa6a91,A-940b8b,2024-06-22 17:17:00,2024-06-23 14:32:48,21.3,low,42,,False
T-9e7078,A-5fe118,2024-12-10 17:25:00,2024-12-12 04:20:04,34.9,urgent,117,5.0,False
T-ed2000,A-5fe118,2024-12-09 13:04:00,2024-12-10 17:25:50,28.4,low,92,4.0,False
T-746838,A-5fe118,2024-12-27 17:26:00,2024-12-29 00:23:44,31.0,low,82,,False
T-388b1a,A-5fe118,2024-12-20 20:16:00,2024-12-21 04:54:40,8.6,medium,39,4.0,False
T-79b88f,A-5fe118,2024-12-25 11:55:00,2024-12-25 20:17:09,8.4,urgent,32,,False
T-972567,A-956988,2024-12-19 18:01:00,2024-12-20 10:52:55,16.9,medium,63,,False
T-f2f1a4,A-956988,2024-12-25 15:23:00,2024-12-26 08:10:33,16.8,low,66,4.0,False
T-b2ecc4,A-956988,2024-12-19 09:13:00,2024-12-20 06:43:03,21.5,high,34,5.0,False
T-477447,A-2f6a32,2024-09-07 13:03:00,2024-09-07 23:29:02,10.4,medium,43,,False
T-33c1ad,A-2f6a32,2024-10-05 10:11:00,2024-10-06 19:16:53,33.1,medium,165,4.0,False
T-514b0c,A-2f6a32,2024-10-31 09:11:00,2024-11-01 04:13:36,19.0,low,54,4.0,False
T-452632,A-08e34e,2024-10-07 10:54:00,2024-10-08 05:20:53,18.4,low,135,3.0,False
T-2933e0,A-08e34e,2024-12-14 17:23:00,2024-12-17 06:53:51,61.5,low,138,4.0,False
T-99dd4b,A-08e34e,2024-08-12 07:22:00,2024-08-13 15:13:23,31.9,urgent,86,,True
T-dab64c,A-8ae3fc,2024-07-11 07:31:00,2024-07-11 23:42:40,16.2,high,64,4.0,False
T-903679,A-8ae3fc,2024-12-21 17:42:00,2024-12-22 19:42:09,26.0,medium,81,,False
T-5da5c6,A-8ae3fc,2024-08-24 07:06:00,2024-08-24 16:41:30,9.6,low,37,2.0,False
T-e3e45f,A-31ab9a,2024-10-10 08:38:00,2024-10-11 03:39:12,19.0,urgent,80,4.0,False
T-797b65,A-31ab9a,2024-07-30 15:09:00,2024-07-31 00:52:37,9.7,high,102,4.0,False
T-0eb3fe,A-31ab9a,2024-10-26 14:45:00,2024-10-27 06:49:31,16.1,low,67,5.0,False
T-54f307,A-31ab9a,2024-06-19 10:23:00,2024-06-20 19:51:45,33.5,urgent,130,5.0,False
T-3b7aad,A-31ab9a,2024-07-15 09:36:00,2024-07-16 20:59:31,35.4,low,17,5.0,False
T-faf692,A-7cfe77,2024-09-09 18:09:00,2024-09-12 18:09:00,72.0,low,109,3.0,False
T-e7f6e2,A-7cfe77,2024-07-14 13:40:00,2024-07-16 22:33:08,56.9,low,105,2.0,False
T-2b95a0,A-7cfe77,2024-09-03 13:53:00,2024-09-04 20:51:19,31.0,urgent,75,,False
T-1f2e1b,A-7cfe77,2024-07-19 15:36:00,2024-07-22 15:36:00,72.0,high,121,,False
T-2db1c0,A-7cfe77,2024-07-21 16:38:00,2024-07-22 11:22:31,18.7,high,123,,False
T-d0faf5,A-7cfe77,2024-07-19 20:42:00,2024-07-20 10:20:37,13.6,medium,94,4.0,False
T-1e8b0b,A-7cfe77,2024-07-30 12:24:00,2024-07-31 10:09:00,21.8,medium,60,3.0,False
T-f951f1,A-5790f4,2024-12-29 07:54:00,2024-12-30 14:19:10,30.4,low,28,,False
T-0e2d61,A-5790f4,2024-12-28 07:51:00,2024-12-29 05:29:53,21.6,urgent,82,5.0,True
T-ec470f,A-5790f4,2024-12-26 09:22:00,2024-12-27 06:09:42,20.8,medium,86,,False
T-ea5d9c,A-32fb14,2024-08-24 07:40:00,2024-08-26 05:12:23,45.5,low,23,,False
T-572887,A-32fb14,2024-09-02 16:30:00,2024-09-03 18:07:16,25.6,urgent,96,1.0,False
T-5dc1b5,A-32fb14,2024-10-20 18:55:00,2024-10-22 20:08:38,49.2,low,152,,False
T-8eba44,A-6c093d,2023-07-22 14:38:00,2023-07-23 16:34:07,25.9,medium,35,,False
T-683369,A-6c093d,2023-07-30 17:22:00,2023-08-01 01:58:21,32.6,low,103,5.0,False
T-83bd58,A-6c093d,2024-09-28 11:07:00,2024-09-29 02:05:37,15.0,urgent,15,,False
T-ec37cd,A-296d7c,2023-12-03 15:18:00,2023-12-04 07:52:00,16.6,medium,179,2.0,False
T-716fe7,A-296d7c,2023-12-15 13:06:00,2023-12-16 02:11:41,13.1,medium,45,3.0,False
T-ddf115,A-2b9d3e,2023-09-25 20:58:00,2023-09-28 06:35:27,57.6,urgent,100,2.0,False
T-1225bb,A-2b9d3e,2024-07-01 13:30:00,2024-07-04 13:30:00,72.0,urgent,56,4.0,False
T-b67fe1,A-2b9d3e,2023-12-06 19:44:00,2023-12-08 16:19:50,44.6,urgent,76,2.0,False
T-77e046,A-2b9d3e,2024-12-03 19:33:00,2024-12-04 16:35:21,21.0,high,47,2.0,False
T-f90e10,A-9c18c4,2024-09-17 09:14:00,2024-09-18 01:18:56,16.1,high,122,2.0,False
T-5d5c81,A-37f969,2024-08-12 20:59:00,2024-08-14 02:51:01,29.9,low,38,5.0,False
T-30157e,A-37f969,2023-10-31 10:35:00,2023-11-01 11:42:52,25.1,low,58,,False
T-20db79,A-37f969,2024-02-07 11:40:00,2024-02-10 11:40:00,72.0,low,44,,False
T-6ee78f,A-6da850,2024-03-25 17:36:00,2024-03-26 09:50:01,16.2,medium,90,,True
T-4536dc,A-6da850,2023-11-13 07:53:00,2023-11-15 12:46:27,52.9,medium,31,,False
T-54381f,A-6da850,2024-03-27 20:29:00,2024-03-28 12:10:47,15.7,high,180,,False
T-90e14a,A-6da850,2024-03-18 10:38:00,2024-03-19 19:01:03,32.4,high,44,1.0,False
T-17682c,A-6da850,2024-02-19 08:59:00,2024-02-21 21:51:37,60.9,medium,117,,False
T-d46af9,A-6da850,2023-12-25 14:28:00,2023-12-27 10:32:47,44.1,medium,33,1.0,False
T-1dc127,A-6da850,2023-11-06 20:18:00,2023-11-09 20:18:00,72.0,urgent,25,2.0,True
T-8c03e7,A-6da850,2023-12-13 12:38:00,2023-12-16 12:38:00,72.0,high,180,,True
T-ee7a50,A-6da850,2024-01-04 17:27:00,2024-01-07 17:27:00,72.0,high,161,2.0,False
T-71fe41,A-6da850,2023-11-25 13:45:00,2023-11-27 03:30:23,37.8,low,97,,True
T-ce6132,A-e7beab,2024-11-10 17:50:00,2024-11-13 17:50:00,72.0,medium,166,,False
T-aa8108,A-e7beab,2024-09-10 14:12:00,2024-09-12 21:32:49,55.3,urgent,59,,True
T-23d056,A-e7beab,2023-12-07 09:42:00,2023-12-09 16:23:54,54.7,low,51,4.0,False
T-dfe912,A-d82ef9,2024-11-25 11:28:00,2024-11-26 10:28:03,23.0,urgent,115,,False
T-ff133c,A-d82ef9,2024-09-12 15:59:00,2024-09-13 12:40:54,20.7,high,36,5.0,False
T-1f280a,A-d82ef9,2024-12-17 17:46:00,2024-12-19 09:19:19,39.6,medium,20,,False
T-b23e3a,A-d82ef9,2024-07-24 16:38:00,2024-07-25 13:54:04,21.3,low,180,,False
T-423656,A-d82ef9,2024-08-30 10:46:00,2024-08-31 18:44:35,32.0,medium,37,,False
T-e009fb,A-d82ef9,2024-12-04 14:31:00,2024-12-06 02:36:19,36.1,high,71,,False
T-36fbee,A-d82ef9,2024-11-11 14:39:00,2024-11-12 03:33:47,12.9,medium,24,3.0,False
T-7d69c1,A-d82ef9,2024-09-29 11:23:00,2024-09-29 20:37:09,9.2,medium,35,3.0,False
T-ab05ab,A-e7a1e2,2024-10-19 20:28:00,2024-10-22 20:28:00,72.0,urgent,76,,False
T-eea596,A-e7a1e2,2024-07-31 12:08:00,2024-08-01 06:48:05,18.7,urgent,116,,False
T-219c46,A-e7a1e2,2024-07-08 15:11:00,2024-07-09 02:20:46,11.2,medium,39,,False
T-6c78c9,A-fabe19,2024-12-01 15:48:00,2024-12-02 22:27:42,30.7,low,127,2.0,True
T-b9880d,A-fabe19,2024-12-24 16:37:00,2024-12-26 09:12:42,40.6,high,86,,False
T-be724a,A-fabe19,2024-11-15 12:22:00,2024-11-18 00:01:06,59.7,low,85,,False
T-652927,A-fabe19,2024-12-11 19:03:00,2024-12-11 23:00:09,4.0,low,111,4.0,True
T-0103ba,A-82d8a6,2024-12-16 07:13:00,2024-12-18 17:01:16,57.8,low,180,2.0,False
T-526832,A-82d8a6,2024-12-28 12:21:00,2024-12-29 14:12:34,25.9,urgent,26,,False
T-622a8b,A-82d8a6,2024-12-20 08:17:00,2024-12-21 06:21:14,22.1,medium,63,4.0,False
T-95df68,A-dfbd31,2023-12-30 19:49:00,2023-12-31 05:40:32,9.9,medium,19,5.0,False
T-3b0f69,A-40a557,2024-01-22 08:40:00,2024-01-23 14:34:03,29.9,medium,134,,False
T-6285fc,A-40a557,2024-03-15 18:14:00,2024-03-16 18:01:45,23.8,low,96,3.0,False
T-e8ce46,A-58b9ff,2024-12-22 15:24:00,2024-12-24 02:03:09,34.7,medium,120,2.0,False
T-4644b8,A-58b9ff,2024-10-11 12:16:00,2024-10-14 12:16:00,72.0,low,104,,False
T-0c9f3a,A-58b9ff,2024-09-29 19:39:00,2024-10-01 08:08:49,36.5,urgent,33,1.0,False
T-a8cab0,A-58b9ff,2024-10-29 20:44:00,2024-10-31 13:27:25,40.7,urgent,161,4.0,False
T-84c406,A-ef84cf,2024-10-02 08:35:00,2024-10-03 01:16:59,16.7,urgent,17,4.0,False
T-3a4fb6,A-d40bf7,2024-12-01 12:45:00,2024-12-02 10:01:39,21.3,medium,62,,False
T-2de986,A-e3bd71,2024-04-08 12:07:00,2024-04-10 05:08:22,41.0,high,116,5.0,False
T-d78caf,A-df10db,2023-11-27 19:26:00,2023-11-29 02:39:16,31.2,medium,57,3.0,False
T-03f8ec,A-df10db,2023-12-01 15:09:00,2023-12-02 20:53:50,29.7,low,61,4.0,False
T-c6a79b,A-df10db,2023-07-28 19:03:00,2023-07-29 16:11:53,21.1,high,82,,False
T-cf4340,A-df10db,2023-11-15 20:36:00,2023-11-17 11:42:37,39.1,low,76,5.0,False
T-7f503a,A-fe79a5,2024-05-30 20:07:00,2024-05-31 21:40:01,25.6,high,66,3.0,False
T-107623,A-fe79a5,2024-03-22 17:35:00,2024-03-24 03:35:37,34.0,medium,93,4.0,False
T-2bc494,A-fe79a5,2024-07-30 17:57:00,2024-07-31 04:51:58,10.9,urgent,70,,False
T-aad3e8,A-fe79a5,2024-06-26 10:42:00,2024-06-28 09:15:52,46.6,high,28,3.0,False
T-f29f73,A-fe79a5,2024-07-02 20:25:00,2024-07-04 12:57:27,40.5,medium,47,2.0,False
T-684871,A-fe79a5,2024-07-24 15:36:00,2024-07-26 07:14:48,39.6,low,30,,False
T-c0cbef,A-fe79a5,2024-05-08 20:51:00,2024-05-09 06:48:28,10.0,urgent,65,3.0,False
T-9e5a70,A-2922b6,2024-12-28 08:35:00,2024-12-31 04:51:44,68.3,urgent,33,2.0,False
T-1e190b,A-2922b6,2024-12-19 07:31:00,2024-12-20 21:41:08,38.2,high,69,,True
T-307f3b,A-2922b6,2024-11-19 12:30:00,2024-11-21 20:04:32,55.6,urgent,30,,True
T-bbe018,A-2922b6,2024-12-23 17:42:00,2024-12-25 20:45:19,51.1,urgent,46,,False
T-5d7eed,A-2922b6,2024-12-23 16:51:00,2024-12-26 08:15:15,63.4,high,53,,False
T-34cf10,A-2922b6,2024-11-26 11:39:00,2024-11-28 17:20:39,53.7,high,109,,False
T-3c816d,A-2922b6,2024-12-03 11:21:00,2024-12-06 00:37:52,61.3,urgent,61,3.0,True
T-ebb567,A-2922b6,2024-12-24 19:15:00,2024-12-25 18:46:44,23.5,medium,45,1.0,False
T-663700,A-1986ca,2024-01-19 14:35:00,2024-01-21 11:16:55,44.7,low,81,3.0,False
T-34b1cc,A-1986ca,2024-03-10 19:41:00,2024-03-12 18:59:05,47.3,medium,96,2.0,True
T-fe1482,A-1986ca,2024-06-03 10:26:00,2024-06-04 14:14:17,27.8,urgent,58,,False
T-5f6f9c,A-5c9849,2024-12-30 12:08:00,2024-12-31 06:12:14,18.1,urgent,41,5.0,False
T-6ce13f,A-5c9849,2024-12-20 13:41:00,2024-12-21 08:42:52,19.0,urgent,38,,False
T-e76b50,A-443b7c,2024-10-18 14:29:00,2024-10-18 20:35:36,6.1,medium,99,4.0,False
T-6284ef,A-443b7c,2024-10-27 20:00:00,2024-10-29 20:44:42,48.7,medium,37,4.0,False
T-6fd15e,A-271f46,2023-02-17 20:00:00,2023-02-18 18:45:05,22.8,urgent,39,,False
T-8dbe76,A-271f46,2023-07-28 15:07:00,2023-07-29 10:06:29,19.0,low,176,3.0,False
T-9703d3,A-271f46,2023-12-16 13:48:00,2023-12-18 09:26:25,43.6,low,180,3.0,False
T-e52ea7,A-271f46,2023-03-10 10:29:00,2023-03-11 13:37:50,27.1,high,121,,False
T-fc4f8e,A-271f46,2023-08-23 13:47:00,2023-08-24 15:18:14,25.5,low,90,3.0,False
T-2a46b1,A-0aaf6e,2024-07-08 08:13:00,2024-07-10 00:18:42,40.1,low,20,,True
T-af3f99,A-0aaf6e,2024-06-14 14:06:00,2024-06-15 06:11:59,16.1,medium,56,5.0,False
T-5dd448,A-eb2fdc,2024-03-27 14:58:00,2024-03-28 21:08:50,30.2,urgent,39,,False
T-c85872,A-eb2fdc,2024-06-04 19:08:00,2024-06-06 12:08:39,41.0,low,52,,False
T-ac95bf,A-b2af2e,2024-11-02 07:20:00,2024-11-02 13:26:27,6.1,urgent,39,5.0,False
T-e4c00e,A-b2af2e,2024-10-16 17:37:00,2024-10-17 06:40:52,13.1,high,36,5.0,False
T-0a160e,A-95b24a,2024-10-09 16:11:00,2024-10-11 04:39:55,36.5,medium,110,,False
T-85b2e5,A-95b24a,2024-04-08 15:26:00,2024-04-10 15:57:21,48.5,medium,51,5.0,False
T-f282d0,A-692f18,2024-06-06 17:38:00,2024-06-07 09:03:33,15.4,urgent,92,,False
T-56ee04,A-692f18,2024-04-01 17:50:00,2024-04-02 10:28:16,16.6,low,105,,False
T-751480,A-692f18,2024-04-03 19:30:00,2024-04-05 07:41:33,36.2,urgent,78,2.0,False
T-46be89,A-692f18,2024-05-20 13:38:00,2024-05-22 15:05:33,49.5,medium,62,,False
T-3d0d62,A-692f18,2024-04-03 12:33:00,2024-04-05 08:19:54,43.8,low,20,3.0,False
T-04ecf0,A-692f18,2024-05-08 12:26:00,2024-05-09 12:19:28,23.9,urgent,172,3.0,False
T-75b3ad,A-692f18,2024-06-24 10:28:00,2024-06-26 13:42:30,51.2,urgent,180,5.0,True
T-bd6d1f,A-692f18,2024-06-27 11:27:00,2024-06-30 11:27:00,72.0,urgent,61,,False
T-79e29e,A-692f18,2024-05-21 16:44:00,2024-05-24 08:20:49,63.6,low,166,,False
T-5bdfcc,A-f6b2fb,2024-12-04 16:41:00,2024-12-06 09:25:58,40.7,medium,66,,False
T-18e5e9,A-f6b2fb,2024-07-16 17:31:00,2024-07-19 17:31:00,72.0,urgent,180,5.0,False
T-55acfd,A-a45270,2024-08-29 08:03:00,2024-08-30 16:15:21,32.2,urgent,101,,True
T-96c430,A-0cc442,2024-11-19 13:09:00,2024-11-21 07:48:00,42.7,urgent,51,,False
T-a117f8,A-0cc442,2024-10-03 20:19:00,2024-10-04 23:42:41,27.4,high,69,2.0,False
T-7522f2,A-0cc442,2024-08-29 16:09:00,2024-08-30 07:03:22,14.9,high,127,2.0,False
T-66ede7,A-0cc442,2024-08-27 11:15:00,2024-08-29 21:02:22,57.8,urgent,83,5.0,False
T-890119,A-0cc442,2024-10-25 11:23:00,2024-10-28 04:15:22,64.9,high,73,4.0,False
T-005bf2,A-0cc442,2024-08-03 07:55:00,2024-08-04 00:31:44,16.6,high,172,,True
T-2dc96d,A-c7e58b,2023-11-24 13:08:00,2023-11-24 19:38:16,6.5,urgent,56,5.0,False
T-5ec62c,A-c7e58b,2024-02-21 10:45:00,2024-02-22 16:20:07,29.6,low,60,4.0,False
T-8e4dc9,A-c7e58b,2023-07-28 08:13:00,2023-07-29 20:33:34,36.3,high,62,5.0,False
T-fb1d13,A-c7e58b,2024-08-20 18:59:00,2024-08-21 21:19:49,26.3,high,111,3.0,False
T-c4c97b,A-c7e58b,2023-10-19 12:46:00,2023-10-21 00:16:46,35.5,high,83,4.0,False
T-8733e0,A-0b0d6d,2024-12-30 17:21:00,2025-01-01 13:40:12,44.3,medium,86,4.0,False
T-de2515,A-0b0d6d,2024-12-30 17:51:00,2024-12-31 04:47:41,10.9,low,35,5.0,False
T-3f5b9f,A-e36807,2024-08-06 09:25:00,2024-08-07 15:07:16,29.7,high,36,,False
T-78157b,A-e36807,2024-10-02 12:58:00,2024-10-03 22:08:16,33.2,low,60,,False
T-54b6ac,A-e36807,2024-07-22 14:17:00,2024-07-23 04:05:49,13.8,medium,103,,False
T-fb438c,A-5f7781,2024-08-26 11:49:00,2024-08-28 13:58:51,50.2,low,68,5.0,False
T-08f30a,A-5f7781,2024-12-09 18:20:00,2024-12-11 00:00:42,29.7,medium,70,,False
T-d7dfa7,A-09540c,2023-12-05 15:46:00,2023-12-06 15:33:35,23.8,high,20,3.0,False
T-dae9cd,A-09540c,2024-12-08 18:07:00,2024-12-09 23:57:28,29.8,urgent,56,,False
T-28b977,A-09540c,2024-11-24 19:11:00,2024-11-25 19:39:55,24.5,low,57,2.0,False
T-ac0e48,A-09540c,2024-06-21 12:49:00,2024-06-22 05:44:18,16.9,medium,25,,False
T-ec4d7c,A-09540c,2024-10-16 16:03:00,2024-10-18 01:19:41,33.3,low,116,,False
T-ede165,A-098560,2023-12-10 11:10:00,2023-12-10 22:55:06,11.8,medium,25,5.0,False
T-df18d0,A-098560,2024-02-11 20:59:00,2024-02-13 01:31:40,28.5,medium,95,5.0,False
T-25068c,A-098560,2024-10-18 09:17:00,2024-10-19 10:51:51,25.6,medium,65,5.0,False
T-0cacdd,A-098560,2024-04-16 13:42:00,2024-04-16 21:44:02,8.0,medium,22,5.0,False
T-48b97f,A-ccb686,2024-01-28 09:11:00,2024-01-29 22:29:40,37.3,medium,64,5.0,False
T-049377,A-ccb686,2024-03-18 20:56:00,2024-03-19 04:10:47,7.2,low,153,2.0,True
T-8eb237,A-ccb686,2024-07-03 09:03:00,2024-07-03 15:26:18,6.4,medium,121,,False
T-cb4976,A-ccb686,2024-09-04 16:13:00,2024-09-04 23:06:32,6.9,high,61,,False
T-648913,A-ccb686,2024-07-20 20:44:00,2024-07-21 14:09:28,17.4,low,68,4.0,False
T-82fa53,A-ccb686,2024-04-13 10:50:00,2024-04-14 16:41:46,29.9,urgent,20,,False
T-80aa2c,A-855a48,2024-07-16 20:16:00,2024-07-19 15:31:58,67.3,high,24,,False
T-311fb1,A-855a48,2024-04-08 08:58:00,2024-04-10 18:58:44,58.0,low,72,3.0,True
T-d5f3f7,A-855a48,2024-05-23 08:11:00,2024-05-24 01:56:18,17.8,low,106,3.0,False
T-2d811f,A-855a48,2024-01-06 09:44:00,2024-01-07 05:10:07,19.4,low,154,1.0,False
T-b3f5f0,A-855a48,2024-10-28 20:35:00,2024-10-30 10:34:02,38.0,urgent,89,,False
T-a8ff1f,A-855a48,2024-01-30 18:56:00,2024-02-01 17:50:40,46.9,high,180,3.0,False
T-b6874f,A-855a48,2024-06-07 20:08:00,2024-06-09 09:29:28,37.4,urgent,61,,False
T-b001da,A-855a48,2024-11-16 12:04:00,2024-11-17 09:43:53,21.7,low,103,4.0,False
T-3c28df,A-855a48,2024-05-16 11:25:00,2024-05-17 14:14:05,26.8,high,119,3.0,True
T-ada074,A-855a48,2024-12-18 18:20:00,2024-12-19 23:37:10,29.3,medium,51,,False
T-916f09,A-d3c88e,2024-12-09 17:35:00,2024-12-11 07:27:16,37.9,urgent,49,,False
T-234882,A-d3c88e,2024-11-02 07:26:00,2024-11-02 17:17:32,9.9,high,68,4.0,False
T-04eddb,A-d3c88e,2024-10-25 13:32:00,2024-10-26 15:44:54,26.2,low,44,,False
T-d75d22,A-0354fe,2024-12-12 18:52:00,2024-12-14 02:51:59,32.0,urgent,85,4.0,False
T-d5b8ab,A-0354fe,2024-12-05 20:01:00,2024-12-06 13:52:51,17.9,urgent,15,4.0,False
T-5a3e53,A-0354fe,2024-11-23 14:06:00,2024-11-26 06:58:16,64.9,medium,40,4.0,False
T-c5ee5a,A-0354fe,2024-12-30 12:54:00,2024-12-30 20:37:09,7.7,medium,93,5.0,False
T-e336de,A-40de06,2024-03-16 12:26:00,2024-03-17 22:30:39,34.1,high,65,,False
T-532f5e,A-40de06,2024-06-22 19:11:00,2024-06-24 08:13:06,37.0,urgent,76,,False
T-ad4503,A-40de06,2023-10-08 20:12:00,2023-10-09 14:21:12,18.2,medium,61,4.0,False
T-5249da,A-cbbe12,2024-11-23 10:14:00,2024-11-24 06:06:32,19.9,urgent,37,2.0,False
T-4b7c49,A-cbbe12,2024-05-11 11:30:00,2024-05-14 11:30:00,72.0,high,52,5.0,False
T-d8db8d,A-cbbe12,2023-10-03 19:59:00,2023-10-05 08:17:06,36.3,urgent,70,3.0,False
T-8f0300,A-cbbe12,2024-01-28 08:44:00,2024-01-30 12:23:59,51.7,medium,93,4.0,False
T-f011cb,A-f1f639,2023-05-02 07:12:00,2023-05-05 07:12:00,72.0,high,58,4.0,True
T-b0c77e,A-f1f639,2024-02-20 16:49:00,2024-02-21 19:31:46,26.7,high,180,,False
T-85f487,A-f1f639,2024-03-06 07:14:00,2024-03-07 01:43:52,18.5,high,101,,False
T-58cfd7,A-993085,2023-08-30 13:30:00,2023-08-31 06:05:44,16.6,urgent,114,3.0,False
T-58b2c8,A-993085,2024-03-07 16:08:00,2024-03-08 15:45:28,23.6,urgent,82,4.0,False
T-9053c0,A-05f0e5,2023-09-14 15:29:00,2023-09-15 13:37:57,22.1,urgent,46,,False
T-96226c,A-05f0e5,2023-07-14 07:55:00,2023-07-16 03:54:59,44.0,high,46,,False
T-552b61,A-034368,2024-03-03 09:37:00,2024-03-03 16:24:11,6.8,medium,66,4.0,False
T-c03ca7,A-034368,2024-02-23 20:52:00,2024-02-24 14:51:51,18.0,urgent,80,,False
T-e68580,A-4ae22a,2024-10-30 13:11:00,2024-10-31 03:45:12,14.6,urgent,20,5.0,False
T-ed4c0d,A-9174e0,2024-12-19 07:54:00,2024-12-21 12:47:48,52.9,high,38,3.0,True
T-b2a2d6,A-9174e0,2024-12-29 08:14:00,2024-12-30 21:58:33,37.7,urgent,68,,False
T-b330a5,A-9174e0,2024-12-27 10:54:00,2024-12-28 05:13:58,18.3,low,40,4.0,False
T-78711a,A-9174e0,2024-12-24 19:16:00,2024-12-26 01:59:56,30.7,low,83,,False
T-7328a1,A-9174e0,2024-12-28 16:49:00,2024-12-29 02:26:49,9.6,low,35,3.0,False
T-1a8bbe,A-00cac8,2024-08-10 14:17:00,2024-08-10 21:27:30,7.2,medium,78,,False
T-931d10,A-00cac8,2024-02-03 19:37:00,2024-02-04 13:10:35,17.6,high,109,,False
T-aa8f91,A-977ca0,2024-03-05 11:43:00,2024-03-06 15:18:21,27.6,high,99,4.0,False
T-9b96d4,A-977ca0,2024-04-14 20:19:00,2024-04-16 04:51:10,32.5,medium,80,4.0,False
T-77c6e2,A-cb6cc6,2024-11-10 13:19:00,2024-11-11 15:19:04,26.0,low,20,4.0,False
T-aa7aa3,A-54ecc2,2023-07-03 13:39:00,2023-07-04 14:52:52,25.2,high,52,3.0,False
T-a10a37,A-54ecc2,2024-07-23 09:27:00,2024-07-23 18:12:33,8.8,high,171,,False
T-b93dae,A-2e3bad,2024-12-12 16:54:00,2024-12-12 21:37:10,4.7,high,45,,False
T-01c157,A-2e3bad,2023-10-12 17:22:00,2023-10-14 11:37:55,42.3,urgent,103,4.0,True
T-e07d42,A-3d957b,2024-11-15 18:04:00,2024-11-16 06:01:12,12.0,medium,53,4.0,False
T-173040,A-3d957b,2024-06-26 15:19:00,2024-06-26 23:49:31,8.5,high,82,,False
T-897443,A-3d957b,2024-08-08 07:11:00,2024-08-08 23:17:28,16.1,low,100,,False
T-649061,A-019782,2023-04-21 13:12:00,2023-04-22 10:29:57,21.3,urgent,103,,False
T-d66a8a,A-019782,2023-05-04 12:03:00,2023-05-07 12:03:00,72.0,urgent,54,2.0,True
T-0d080f,A-019782,2023-05-05 19:00:00,2023-05-08 01:27:05,54.5,medium,84,,False
T-334e55,A-019782,2023-05-05 17:02:00,2023-05-07 01:05:05,32.1,urgent,103,,True
T-af6dee,A-019782,2023-04-28 08:11:00,2023-04-30 14:44:12,54.6,high,125,4.0,False
T-d096ad,A-019782,2023-04-20 12:49:00,2023-04-23 12:49:00,72.0,low,180,,True
T-fc435d,A-019782,2023-04-24 17:46:00,2023-04-26 16:07:10,46.4,low,54,2.0,False
T-6c3704,A-019782,2023-04-30 16:44:00,2023-05-02 14:37:28,45.9,high,65,1.0,False
T-fb7c12,A-0dbdc6,2024-04-23 20:40:00,2024-04-26 20:40:00,72.0,medium,46,,False
T-93b286,A-0dbdc6,2023-09-03 17:54:00,2023-09-04 11:15:31,17.4,low,180,,False
T-0e07c9,A-0dbdc6,2024-11-23 09:29:00,2024-11-24 23:31:53,38.0,low,42,4.0,False
T-aa7c8e,A-0dbdc6,2023-09-01 17:25:00,2023-09-02 20:07:18,26.7,medium,142,,False
T-0e9e92,A-0dbdc6,2023-10-30 10:22:00,2023-11-02 06:02:02,67.7,medium,37,4.0,False
T-38f97a,A-0dbdc6,2024-03-28 07:36:00,2024-03-29 13:48:45,30.2,medium,64,,False
T-b135a8,A-0dbdc6,2024-10-28 19:32:00,2024-10-31 17:28:10,69.9,urgent,148,,False
T-ca2d86,A-0dbdc6,2024-12-29 17:12:00,2025-01-01 11:59:04,66.8,urgent,33,2.0,True
T-568e11,A-1b707d,2023-12-13 09:02:00,2023-12-14 11:56:55,26.9,medium,62,3.0,True
T-9afe1d,A-1b707d,2024-10-02 12:39:00,2024-10-05 12:39:00,72.0,high,105,,False
T-16d3ac,A-1b707d,2024-10-30 16:42:00,2024-10-31 08:22:45,15.7,medium,26,4.0,True
T-b172af,A-1b707d,2024-07-05 13:40:00,2024-07-06 18:18:17,28.6,high,62,,False
T-3234a8,A-1b707d,2024-02-28 09:56:00,2024-03-01 16:37:08,54.7,medium,67,,False
T-15bf31,A-1b707d,2023-12-08 17:09:00,2023-12-11 07:41:54,62.5,high,170,3.0,False
T-87f853,A-1b707d,2024-04-04 10:06:00,2024-04-05 23:43:19,37.6,low,124,3.0,False
T-990ae5,A-b3fe05,2024-12-08 14:41:00,2024-12-10 00:18:54,33.6,urgent,15,2.0,False
T-5a6974,A-b3fe05,2024-07-31 13:56:00,2024-08-01 16:38:14,26.7,low,85,2.0,False
T-f9ce1d,A-b3fe05,2024-10-15 12:37:00,2024-10-17 15:49:08,51.2,low,106,,False
T-c668fe,A-8adedc,2024-07-06 14:33:00,2024-07-07 04:52:03,14.3,high,85,5.0,False
T-58f74a,A-8adedc,2024-07-07 07:48:00,2024-07-08 06:31:24,22.7,high,15,,False
T-0133e3,A-8adedc,2024-11-27 08:47:00,2024-11-27 11:09:30,2.4,low,10,5.0,False
T-71065e,A-432483,2023-06-08 09:55:00,2023-06-09 18:25:41,32.5,low,38,4.0,False
T-7d4f5f,A-432483,2023-04-16 17:01:00,2023-04-17 13:39:28,20.6,urgent,60,3.0,False
T-4cc1f3,A-432483,2023-09-13 14:07:00,2023-09-14 06:05:05,16.0,high,128,,False
T-2bb14b,A-432483,2024-02-24 12:47:00,2024-02-25 07:11:54,18.4,low,26,2.0,False
T-0ea170,A-9208f0,2023-07-18 13:42:00,2023-07-21 13:42:00,72.0,urgent,180,4.0,False
T-f55b2c,A-9208f0,2023-06-08 16:37:00,2023-06-10 12:30:40,43.9,medium,19,4.0,True
T-cbaa02,A-f03140,2023-12-24 16:40:00,2023-12-26 05:18:20,36.6,medium,143,,False
T-dd8471,A-b78bf8,2024-12-04 10:46:00,2024-12-06 09:28:41,46.7,medium,152,,False
T-3da496,A-b78bf8,2024-12-03 18:46:00,2024-12-04 15:58:46,21.2,urgent,44,3.0,False
T-6662c2,A-0e966d,2024-10-30 19:37:00,2024-10-31 23:53:42,28.3,low,19,3.0,False
T-4de6b2,A-0e966d,2024-12-03 13:01:00,2024-12-04 10:43:27,21.7,urgent,38,3.0,False
T-30ec20,A-ce550d,2024-12-24 10:01:00,2024-12-26 07:48:49,45.8,urgent,81,3.0,True
T-ce211b,A-ce550d,2024-10-31 07:18:00,2024-11-02 17:56:10,58.6,medium,96,2.0,True
T-1028c7,A-ce550d,2024-12-07 20:40:00,2024-12-10 03:24:13,54.7,urgent,77,2.0,False
T-91c4f7,A-ce550d,2024-11-11 18:26:00,2024-11-14 07:54:14,61.5,high,115,2.0,False
T-17a339,A-ce550d,2024-12-10 17:21:00,2024-12-12 10:52:37,41.5,urgent,55,,False
T-303171,A-ce550d,2024-11-13 18:20:00,2024-11-14 18:29:34,24.2,low,119,2.0,False
T-b1b0b6,A-ce550d,2024-12-03 15:15:00,2024-12-06 15:15:00,72.0,low,52,,False
T-c769c1,A-b30291,2024-11-10 18:24:00,2024-11-11 10:21:43,16.0,medium,49,,False
T-c1fd1b,A-b30291,2024-08-06 20:38:00,2024-08-07 11:08:16,14.5,medium,37,,False
T-dc0913,A-b30291,2024-12-11 19:18:00,2024-12-12 08:21:46,13.1,low,18,,False
T-4f577e,A-bb2f49,2024-12-04 13:46:00,2024-12-05 15:28:37,25.7,urgent,117,,False
T-78c420,A-bb2f49,2024-09-07 10:20:00,2024-09-09 04:43:26,42.4,low,42,4.0,False
T-251fc8,A-8b0451,2024-10-25 13:02:00,2024-10-27 06:11:46,41.2,high,100,3.0,False
T-3dc14f,A-8b0451,2024-11-02 11:37:00,2024-11-03 23:28:01,35.9,high,104,,False
T-901760,A-8b0451,2024-12-10 15:38:00,2024-12-12 07:14:50,39.6,medium,119,2.0,False
T-ec8d64,A-8b0451,2024-11-17 09:08:00,2024-11-18 16:27:41,31.3,urgent,64,,False
T-49e5a5,A-cbd1a3,2024-12-15 11:45:00,2024-12-17 05:05:52,41.3,urgent,97,,False
T-03f2fa,A-cbd1a3,2024-12-21 07:55:00,2024-12-21 22:52:54,15.0,urgent,34,,False
T-c86017,A-cbd1a3,2024-11-28 19:57:00,2024-11-29 05:16:16,9.3,urgent,60,2.0,False
T-63899a,A-cbd1a3,2024-12-19 08:50:00,2024-12-20 18:41:50,33.9,low,66,4.0,False
T-d00dac,A-417d2f,2024-08-12 15:45:00,2024-08-15 15:45:00,72.0,medium,66,4.0,False
T-ab977e,A-417d2f,2024-01-16 14:58:00,2024-01-17 11:45:23,20.8,high,63,2.0,False
T-7a2c85,A-417d2f,2023-09-17 15:32:00,2023-09-18 08:41:50,17.2,low,50,4.0,False
T-67e743,A-186a44,2023-09-03 14:59:00,2023-09-04 03:28:18,12.5,low,68,3.0,False
T-ee62a1,A-600734,2024-04-28 19:20:00,2024-04-29 14:15:59,18.9,urgent,47,,False
T-98c4e8,A-600734,2024-08-19 08:33:00,2024-08-19 19:12:34,10.7,high,159,2.0,False
T-8e61e0,A-600734,2024-08-29 19:16:00,2024-08-30 14:25:08,19.2,medium,62,,False
T-0c4e6a,A-600734,2023-12-28 07:04:00,2023-12-29 18:32:04,35.5,urgent,60,,False
T-782ba9,A-600734,2024-09-27 13:06:00,2024-09-28 03:09:01,14.1,low,28,5.0,False
T-4d86a4,A-856b1e,2023-11-29 18:14:00,2023-12-02 03:47:40,57.6,urgent,85,3.0,True
T-363c92,A-856b1e,2024-08-24 12:17:00,2024-08-26 15:25:25,51.1,urgent,41,4.0,False
T-c162e6,A-856b1e,2024-08-10 12:49:00,2024-08-11 17:04:51,28.3,urgent,83,3.0,True
T-dcfbdb,A-856b1e,2024-05-14 10:01:00,2024-05-17 09:10:26,71.2,urgent,102,3.0,False
T-a03c5f,A-856b1e,2023-11-28 20:15:00,2023-11-29 16:18:48,20.1,low,139,5.0,False
T-349e6e,A-856b1e,2024-08-29 15:16:00,2024-08-30 19:12:06,27.9,urgent,145,3.0,False
T-fb5871,A-856b1e,2023-11-04 18:06:00,2023-11-06 00:37:11,30.5,low,92,3.0,False
T-0821c6,A-856b1e,2023-12-11 18:56:00,2023-12-14 00:00:59,53.1,low,154,,False
T-caed6b,A-50f3f7,2024-08-31 11:48:00,2024-09-01 03:31:34,15.7,low,33,3.0,False
T-f85150,A-50f3f7,2024-12-04 17:59:00,2024-12-05 09:21:38,15.4,medium,60,4.0,False
T-2fc093,A-50f3f7,2024-01-15 13:57:00,2024-01-16 04:44:00,14.8,medium,56,4.0,False
T-ad2ad0,A-50f3f7,2024-01-12 15:19:00,2024-01-14 15:09:23,47.8,urgent,110,4.0,False
T-73647b,A-50f3f7,2024-04-14 20:48:00,2024-04-16 01:54:41,29.1,medium,111,5.0,False
T-c1e566,A-50f3f7,2024-02-07 20:54:00,2024-02-08 16:31:31,19.6,high,81,4.0,False
T-1a5258,A-50f3f7,2024-11-28 13:13:00,2024-11-29 09:08:58,19.9,urgent,77,,False
T-c9b52e,A-35083d,2024-05-10 10:22:00,2024-05-11 07:17:20,20.9,urgent,50,,False
T-94ecd8,A-35083d,2023-10-25 20:06:00,2023-10-26 13:36:41,17.5,urgent,28,,False
T-dcaedb,A-35083d,2024-01-02 14:02:00,2024-01-02 18:01:23,4.0,low,160,4.0,False
T-d7fc72,A-bb1eaa,2024-07-13 08:06:00,2024-07-14 08:55:33,24.8,low,53,5.0,False
T-2d2b72,A-bb1eaa,2024-06-11 20:45:00,2024-06-12 01:05:53,4.3,medium,62,,False
T-2f0189,A-bb1eaa,2024-11-05 10:56:00,2024-11-05 16:26:39,5.5,medium,132,,False
T-be6386,A-bb1eaa,2024-08-21 20:43:00,2024-08-23 02:49:32,30.1,high,31,4.0,False
T-892e7a,A-d4ac0e,2024-08-10 14:39:00,2024-08-12 17:18:27,50.7,urgent,135,,False
T-e6a3d4,A-d4ac0e,2024-05-21 10:36:00,2024-05-22 11:32:18,24.9,urgent,103,,False
T-4fa988,A-a865bd,2024-02-12 16:02:00,2024-02-14 02:56:17,34.9,urgent,139,4.0,False
T-c8d853,A-c37cab,2024-12-18 19:22:00,2024-12-19 01:58:23,6.6,medium,46,5.0,False
T-442abe,A-c37cab,2024-08-12 18:12:00,2024-08-13 18:20:56,24.1,low,107,5.0,False
T-c54da4,A-6965e1,2024-12-16 19:55:00,2024-12-17 19:23:05,23.5,low,97,,False
T-3627c0,A-6965e1,2024-12-21 19:54:00,2024-12-22 05:59:19,10.1,high,111,,False
T-58f707,A-6965e1,2024-11-28 12:43:00,2024-11-28 22:25:41,9.7,high,176,4.0,False
T-a15ff2,A-6965e1,2024-12-15 20:19:00,2024-12-16 14:01:11,17.7,urgent,50,4.0,False
T-c4d5ce,A-671f31,2024-11-25 09:15:00,2024-11-26 18:39:47,33.4,medium,46,4.0,False
T-e6ea3f,A-671f31,2024-11-26 10:43:00,2024-11-26 21:15:29,10.5,high,47,3.0,False
T-dc4d15,A-671f31,2024-12-07 13:40:00,2024-12-08 03:49:50,14.2,high,44,5.0,False
T-29ce08,A-671f31,2024-12-28 10:49:00,2024-12-31 05:36:45,66.8,high,124,3.0,False
T-c1efed,A-671f31,2024-12-10 17:14:00,2024-12-10 22:36:00,5.4,high,14,,False
T-86af9f,A-671f31,2024-11-29 12:30:00,2024-11-30 20:43:42,32.2,medium,129,4.0,False
T-63c76e,A-671f31,2024-12-12 20:02:00,2024-12-13 15:34:26,19.5,low,61,4.0,False
T-e3cf66,A-4ef964,2024-11-18 10:27:00,2024-11-21 07:17:08,68.8,medium,180,,False
T-dd8b59,A-4ef964,2024-07-20 18:31:00,2024-07-21 12:36:21,18.1,low,42,,False
T-703649,A-ba6516,2023-11-07 13:51:00,2023-11-07 21:53:00,8.0,medium,63,3.0,False
T-9ce62d,A-ba6516,2023-11-10 19:44:00,2023-11-13 07:14:52,59.5,medium,180,4.0,False
T-67b151,A-ba6516,2023-11-04 07:07:00,2023-11-06 05:55:30,46.8,high,152,4.0,False
T-16037a,A-af0cd2,2023-01-08 18:40:00,2023-01-11 12:51:09,66.2,medium,135,1.0,False
T-fe0b83,A-af0cd2,2023-01-24 19:55:00,2023-01-26 07:28:06,35.6,high,177,,False
T-35d166,A-af0cd2,2023-02-05 08:20:00,2023-02-06 08:41:41,24.4,medium,40,,False
T-209d3a,A-af0cd2,2023-01-21 14:17:00,2023-01-23 21:31:33,55.2,high,147,1.0,False
T-acec8e,A-af0cd2,2023-02-18 14:08:00,2023-02-21 06:58:42,64.8,medium,81,1.0,True
T-266001,A-af0cd2,2023-01-12 16:55:00,2023-01-13 16:11:17,23.3,urgent,180,2.0,True
T-4bf41a,A-43a9e3,2023-09-18 08:58:00,2023-09-19 01:26:40,16.5,high,88,4.0,False
T-f159f8,A-43a9e3,2023-12-20 09:30:00,2023-12-21 12:10:45,26.7,low,117,2.0,False
T-603438,A-43a9e3,2024-08-14 11:29:00,2024-08-17 11:29:00,72.0,medium,71,3.0,False
T-3b1d24,A-43a9e3,2024-12-28 13:23:00,2024-12-29 15:02:38,25.7,medium,89,4.0,False
T-66f7c7,A-43a9e3,2024-08-15 08:29:00,2024-08-16 20:15:38,35.8,urgent,74,,False
T-ec346b,A-43a9e3,2024-11-12 07:13:00,2024-11-14 11:40:23,52.5,medium,34,3.0,False
T-e4e8f6,A-e5d6ab,2024-04-11 10:46:00,2024-04-12 05:22:14,18.6,high,138,,True
T-e56061,A-e5d6ab,2023-07-01 13:01:00,2023-07-01 21:12:28,8.2,low,67,,False
T-e44194,A-e5d6ab,2023-06-27 17:25:00,2023-06-29 16:39:35,47.2,low,116,,False
T-024c6b,A-3793ee,2023-04-07 18:09:00,2023-04-10 09:08:15,63.0,urgent,67,4.0,False
T-a454fb,A-3793ee,2023-06-18 14:25:00,2023-06-19 09:18:07,18.9,urgent,154,3.0,False
T-0e189c,A-3793ee,2024-05-10 13:09:00,2024-05-12 02:21:09,37.2,high,104,,False
T-428cd9,A-3793ee,2023-09-21 15:55:00,2023-09-23 11:19:01,43.4,urgent,82,,False
T-411dcb,A-3793ee,2024-04-25 15:57:00,2024-04-26 12:56:33,21.0,low,45,3.0,False
T-02bb26,A-d792a6,2023-05-12 19:03:00,2023-05-13 21:43:52,26.7,medium,70,,False
T-2a5354,A-d792a6,2024-12-06 09:36:00,2024-12-08 12:15:53,50.7,urgent,108,5.0,False
T-eae719,A-d792a6,2023-06-28 19:02:00,2023-06-30 08:43:50,37.7,low,47,4.0,False
T-eb016d,A-88c6ca,2024-12-04 09:45:00,2024-12-06 00:26:56,38.7,urgent,55,4.0,False
T-79c9ac,A-88c6ca,2024-11-01 20:09:00,2024-11-03 07:18:37,35.2,medium,80,,True
T-296c00,A-88c6ca,2024-11-07 13:52:00,2024-11-08 00:20:41,10.5,low,96,,False
T-7466e4,A-88c6ca,2024-11-15 09:27:00,2024-11-16 21:19:12,35.9,urgent,39,5.0,False
T-0b3109,A-cc102e,2024-09-30 12:22:00,2024-10-01 10:04:32,21.7,medium,14,5.0,False
T-c98363,A-cc102e,2024-05-07 15:01:00,2024-05-08 13:22:19,22.4,urgent,102,,False
T-cab431,A-cc102e,2024-12-01 08:43:00,2024-12-02 11:33:25,26.8,medium,31,5.0,False
T-e6179d,A-ff79f2,2024-11-01 18:19:00,2024-11-02 16:40:58,22.4,medium,41,,False
T-4f5e80,A-ff79f2,2024-09-15 12:32:00,2024-09-15 21:13:47,8.7,high,33,3.0,False
T-a75e51,A-ff79f2,2024-10-12 18:24:00,2024-10-15 18:24:00,72.0,low,121,3.0,False
T-100cdd,A-ff79f2,2024-11-04 08:48:00,2024-11-06 07:56:19,47.1,high,127,,False
T-962b50,A-ff79f2,2024-11-21 13:09:00,2024-11-23 08:16:26,43.1,low,59,2.0,True
T-c019eb,A-ff79f2,2024-05-23 12:09:00,2024-05-25 15:28:37,51.3,low,27,,False
T-f9d85d,A-ff79f2,2024-07-01 12:51:00,2024-07-02 08:17:54,19.4,high,119,4.0,False
T-3e00d4,A-1f0636,2024-12-02 10:51:00,2024-12-02 20:59:22,10.1,medium,64,3.0,False
T-cc236b,A-1f0636,2024-09-16 10:46:00,2024-09-17 15:23:40,28.6,urgent,30,3.0,True
T-456ad5,A-1f0636,2024-06-03 19:08:00,2024-06-06 18:34:20,71.4,medium,39,,False
T-24c3d1,A-5b1bcd,2023-11-25 19:27:00,2023-11-26 11:10:17,15.7,urgent,19,,False
T-fcb440,A-5b1bcd,2024-09-12 09:41:00,2024-09-12 17:48:06,8.1,medium,22,,False
T-b4402c,A-5b1bcd,2024-03-05 16:44:00,2024-03-06 09:41:18,17.0,high,88,3.0,False
T-55c204,A-5b1bcd,2024-10-20 11:10:00,2024-10-21 06:28:49,19.3,high,118,,False
T-b354ef,A-5b1bcd,2023-12-11 13:44:00,2023-12-11 20:12:08,6.5,low,159,5.0,False
T-4efe00,A-029f69,2024-06-26 14:52:00,2024-06-27 23:55:20,33.1,medium,18,,False
T-539b35,A-029f69,2024-09-20 07:18:00,2024-09-22 07:33:52,48.3,medium,162,,False
T-0583bb,A-029f69,2024-06-20 10:04:00,2024-06-21 10:18:57,24.2,high,87,,False
T-34a99f,A-029f69,2024-10-06 16:59:00,2024-10-09 05:04:51,60.1,urgent,37,2.0,False
T-5a18ad,A-029f69,2024-08-14 12:26:00,2024-08-15 07:42:16,19.3,urgent,59,,False
T-a9b5e2,A-029f69,2024-09-21 10:27:00,2024-09-24 08:45:33,70.3,urgent,79,4.0,False
T-3ea2de,A-0a282f,2024-10-30 14:46:00,2024-11-02 03:53:25,61.1,medium,84,,False
T-f92596,A-0a282f,2024-09-23 19:46:00,2024-09-25 06:18:24,34.5,medium,180,3.0,False
T-09b868,A-e19ff6,2023-10-19 16:41:00,2023-10-21 06:38:26,38.0,urgent,123,,False
T-8701cf,A-e19ff6,2023-09-12 09:18:00,2023-09-13 09:21:11,24.1,medium,63,2.0,True
T-b9271a,A-e19ff6,2023-12-08 11:27:00,2023-12-10 03:42:23,40.3,medium,166,2.0,False
T-14f97d,A-e19ff6,2023-12-20 13:54:00,2023-12-21 16:40:55,26.8,urgent,163,2.0,False
T-e42e36,A-e19ff6,2023-10-05 19:22:00,2023-10-08 06:29:12,59.1,urgent,140,1.0,False
T-ee99cb,A-e19ff6,2023-09-19 14:03:00,2023-09-21 20:11:04,54.1,urgent,111,,True
T-051b8e,A-e19ff6,2023-10-02 08:36:00,2023-10-03 02:58:22,18.4,medium,99,2.0,True
T-a89f05,A-e19ff6,2023-12-21 14:35:00,2023-12-22 07:48:17,17.2,high,180,2.0,False
T-7861b6,A-e19ff6,2023-11-07 12:43:00,2023-11-10 05:23:06,64.7,low,120,,True
T-fc09d8,A-e19ff6,2023-11-17 07:05:00,2023-11-18 07:02:49,24.0,high,86,,True
T-6932a3,A-e19ff6,2023-10-26 17:03:00,2023-10-27 04:18:36,11.3,low,77,2.0,True
T-e88d51,A-e19ff6,2023-11-11 19:26:00,2023-11-12 12:02:45,16.6,urgent,53,2.0,False
T-b2046e,A-e19ff6,2023-11-15 17:33:00,2023-11-17 01:41:10,32.1,urgent,161,,False
T-f31bca,A-e19ff6,2023-11-14 09:52:00,2023-11-14 23:04:22,13.2,high,102,1.0,False
T-6d42b6,A-659280,2024-11-24 13:34:00,2024-11-25 03:08:24,13.6,low,24,5.0,False
T-84b9a8,A-9f9299,2024-04-03 20:22:00,2024-04-06 20:22:00,72.0,medium,49,4.0,False
T-bb79ba,A-9f9299,2023-12-18 11:20:00,2023-12-20 06:25:20,43.1,urgent,148,,False
T-4c1088,A-9f9299,2023-10-28 13:28:00,2023-10-29 18:06:47,28.6,low,19,4.0,False
T-6ac35d,A-9f9299,2024-08-16 13:02:00,2024-08-17 03:44:24,14.7,high,21,,False
T-18a932,A-a6d261,2024-02-25 10:30:00,2024-02-27 19:07:04,56.6,high,32,3.0,False
T-cfbc53,A-a6d261,2024-04-07 18:02:00,2024-04-08 02:29:47,8.5,high,42,3.0,False
T-32d558,A-a6d261,2024-01-30 14:51:00,2024-01-31 16:12:39,25.4,low,144,3.0,False
T-4b0fa1,A-a6d261,2024-10-25 18:02:00,2024-10-27 02:38:12,32.6,medium,66,4.0,False
T-9cd01c,A-a6d261,2024-02-01 12:38:00,2024-02-03 03:17:44,38.7,urgent,63,3.0,False
T-9b65c9,A-a6d261,2024-12-20 12:51:00,2024-12-21 19:56:36,31.1,low,131,3.0,False
T-8cc942,A-c1dfe1,2024-03-03 19:02:00,2024-03-04 16:04:33,21.0,low,20,3.0,True
T-9f1cbb,A-c1dfe1,2023-09-01 19:36:00,2023-09-02 16:54:37,21.3,high,36,4.0,False
T-980210,A-c1dfe1,2023-08-24 10:37:00,2023-08-25 05:27:03,18.8,low,26,,False
T-667a65,A-684255,2024-06-07 17:52:00,2024-06-09 01:04:51,31.2,urgent,18,3.0,False
T-6037d3,A-684255,2024-06-26 07:28:00,2024-06-27 13:28:50,30.0,urgent,63,2.0,False
T-85c4ee,A-684255,2024-12-30 15:30:00,2024-12-31 18:42:22,27.2,low,37,4.0,False
T-48e147,A-684255,2024-10-20 14:53:00,2024-10-21 12:09:55,21.3,medium,61,5.0,False
T-20f345,A-684255,2024-08-28 10:27:00,2024-08-30 09:09:11,46.7,urgent,26,4.0,True
T-b6c20b,A-684255,2024-09-23 08:16:00,2024-09-24 10:14:59,26.0,medium,165,,False
T-94637a,A-684255,2024-11-27 09:18:00,2024-11-28 15:42:24,30.4,urgent,86,,True
T-9e6b01,A-684255,2024-10-11 19:23:00,2024-10-13 18:31:00,47.1,low,5,3.0,False
T-f3000b,A-9779ad,2024-10-12 14:59:00,2024-10-14 10:35:33,43.6,medium,121,4.0,False
T-53e2e4,A-9779ad,2024-04-26 14:57:00,2024-04-28 03:31:42,36.6,urgent,57,,False
T-1f08c9,A-f92792,2024-10-17 14:54:00,2024-10-18 20:41:55,29.8,urgent,77,3.0,False
T-c0e542,A-f92792,2024-12-27 20:45:00,2024-12-30 06:53:30,58.1,urgent,43,,False
T-a0c37c,A-f92792,2024-08-06 17:24:00,2024-08-08 11:52:30,42.5,high,84,,False
T-72b9ca,A-91e948,2023-10-19 12:23:00,2023-10-21 04:26:58,40.1,urgent,64,5.0,False
T-a626e0,A-91e948,2024-02-03 15:34:00,2024-02-05 00:26:25,32.9,urgent,36,4.0,False
T-72a929,A-91e948,2024-03-28 18:21:00,2024-03-29 17:05:30,22.7,high,18,,False
T-5b3733,A-91e948,2024-11-29 16:31:00,2024-11-30 08:24:06,15.9,low,43,,False
T-8bed21,A-91e948,2024-11-07 14:58:00,2024-11-10 14:58:00,72.0,medium,126,5.0,False
T-169119,A-0be015,2024-10-31 15:23:00,2024-11-02 11:21:00,44.0,medium,56,5.0,False
T-1e890b,A-0be015,2024-12-22 11:47:00,2024-12-25 11:47:00,72.0,high,92,4.0,False
T-326e60,A-0be015,2024-11-06 15:28:00,2024-11-09 15:28:00,72.0,medium,160,,False
T-bc42f7,A-0be015,2024-10-23 09:48:00,2024-10-24 16:44:35,30.9,urgent,179,,False
T-b4aef1,A-4814a3,2024-12-29 09:38:00,2024-12-30 21:50:26,36.2,medium,32,,False
T-fda7e1,A-d4e0d4,2024-11-12 14:04:00,2024-11-14 05:54:33,39.8,urgent,88,,False
T-9d6920,A-d4e0d4,2024-11-17 14:01:00,2024-11-18 00:36:09,10.6,medium,85,3.0,False
T-788956,A-d4e0d4,2024-11-21 15:14:00,2024-11-22 14:03:57,22.8,medium,39,3.0,False
T-bf759e,A-d4e0d4,2024-11-01 19:43:00,2024-11-02 09:47:03,14.1,medium,30,,False
T-da33fc,A-354f12,2024-09-13 14:18:00,2024-09-13 23:00:15,8.7,urgent,15,4.0,False
T-455568,A-354f12,2024-09-25 09:16:00,2024-09-25 16:24:31,7.1,low,36,,False
T-6ef792,A-354f12,2024-08-07 20:32:00,2024-08-08 07:01:45,10.5,medium,49,,False
T-d227d6,A-1f0ac7,2024-12-14 14:38:00,2024-12-15 12:41:19,22.1,urgent,62,,False
T-af9d8e,A-c16101,2024-11-22 12:22:00,2024-11-22 15:03:14,2.7,medium,5,,False
T-b4342d,A-c16101,2024-09-16 12:02:00,2024-09-16 20:10:55,8.1,urgent,57,5.0,False
T-8e35bc,A-cc1d8d,2024-12-17 07:29:00,2024-12-18 11:45:37,28.3,high,135,,False
T-4ab118,A-cc1d8d,2024-12-19 09:18:00,2024-12-22 09:18:00,72.0,high,37,,False
T-a186d2,A-cc1d8d,2024-12-28 17:59:00,2024-12-29 23:19:12,29.3,medium,81,2.0,False
T-748358,A-712426,2024-12-12 17:46:00,2024-12-13 13:46:56,20.0,urgent,22,5.0,False
T-54d65a,A-712426,2024-12-07 09:54:00,2024-12-07 23:29:19,13.6,urgent,51,5.0,False
T-f3b75a,A-9077b0,2024-10-16 19:28:00,2024-10-17 19:01:24,23.6,low,153,,False
T-78156d,A-9077b0,2024-12-16 17:52:00,2024-12-17 16:30:20,22.6,urgent,115,,False
T-5ffff7,A-9077b0,2024-10-09 12:22:00,2024-10-10 06:12:53,17.8,urgent,67,3.0,False
T-d736bf,A-78f02b,2024-12-24 07:31:00,2024-12-26 08:57:56,49.4,low,153,,False
T-592253,A-78f02b,2024-11-17 09:32:00,2024-11-20 09:32:00,72.0,medium,57,2.0,False
T-04a6db,A-78f02b,2024-11-26 10:05:00,2024-11-26 23:16:26,13.2,high,63,,False
T-2cec74,A-78f02b,2024-11-23 15:18:00,2024-11-25 03:48:32,36.5,medium,38,3.0,False
T-f72c56,A-78f02b,2024-12-12 07:15:00,2024-12-14 03:21:46,44.1,high,58,2.0,False
T-0e6899,A-78f02b,2024-12-04 19:51:00,2024-12-05 10:59:00,15.1,urgent,63,3.0,False
T-7c5399,A-78f02b,2024-12-21 13:41:00,2024-12-22 15:29:40,25.8,medium,60,3.0,False
T-9e0558,A-78f02b,2024-11-26 08:12:00,2024-11-26 17:44:24,9.5,medium,65,,False
T-3656d4,A-5b4ebb,2024-07-23 11:19:00,2024-07-24 06:03:32,18.7,low,180,,False
T-f62f12,A-5b4ebb,2024-07-24 20:28:00,2024-07-25 05:20:13,8.9,medium,96,,False
T-bb39b5,A-5b4ebb,2024-07-15 09:45:00,2024-07-17 01:53:08,40.1,medium,100,2.0,False
T-a89725,A-5b4ebb,2024-07-22 17:41:00,2024-07-24 04:54:13,35.2,high,24,,False
T-7dc0fe,A-180abf,2024-06-11 14:35:00,2024-06-12 08:41:36,18.1,high,117,4.0,False
T-8457b7,A-b2225d,2024-05-15 16:59:00,2024-05-16 18:22:26,25.4,low,52,,False
T-494ee0,A-b2225d,2024-05-18 11:30:00,2024-05-19 17:05:40,29.6,low,65,5.0,False
T-88ad69,A-b2225d,2024-07-08 18:19:00,2024-07-09 05:42:05,11.4,urgent,28,,False
T-74b5a3,A-b2225d,2024-12-26 09:32:00,2024-12-27 11:57:23,26.4,urgent,161,4.0,False
T-8a8e20,A-b2225d,2024-04-20 18:29:00,2024-04-22 13:36:31,43.1,low,64,2.0,False
T-e678cb,A-b2225d,2024-05-23 07:36:00,2024-05-25 17:33:12,58.0,high,80,3.0,False
T-7f751a,A-b2225d,2024-09-21 09:44:00,2024-09-22 03:48:48,18.1,low,44,4.0,False
T-544589,A-328bd0,2023-10-10 16:05:00,2023-10-11 19:13:02,27.1,low,101,3.0,False
T-d659a5,A-328bd0,2024-09-14 11:28:00,2024-09-17 08:00:18,68.5,medium,160,,False
T-d62f1b,A-328bd0,2024-07-16 12:43:00,2024-07-16 22:57:44,10.2,medium,56,4.0,False
T-6444fe,A-328bd0,2024-09-16 19:36:00,2024-09-18 20:09:45,48.6,high,110,,False
T-b0e2fe,A-328bd0,2024-03-02 12:47:00,2024-03-03 04:42:27,15.9,medium,85,,False
T-51fb07,A-328bd0,2023-08-19 12:02:00,2023-08-20 21:32:19,33.5,urgent,88,3.0,False
T-9d9cfe,A-328bd0,2023-08-20 16:53:00,2023-08-21 15:06:23,22.2,high,42,4.0,False
T-1d146a,A-4c6f11,2024-02-08 13:59:00,2024-02-10 12:46:05,46.8,low,99,3.0,False
T-521d68,A-4c6f11,2024-06-09 07:08:00,2024-06-12 07:08:00,72.0,high,125,,False
T-a673b8,A-4c6f11,2024-12-03 07:51:00,2024-12-05 09:51:51,50.0,low,52,,True
T-79d201,A-4c6f11,2024-07-07 19:46:00,2024-07-09 16:39:58,44.9,urgent,31,1.0,False
T-8a4229,A-4c6f11,2024-05-30 13:31:00,2024-05-31 17:14:22,27.7,urgent,127,2.0,False
T-f2212a,A-ac85cd,2024-11-09 16:41:00,2024-11-11 15:07:09,46.4,medium,48,,False
T-41d9c3,A-ac85cd,2024-10-30 20:04:00,2024-11-01 09:11:04,37.1,urgent,20,,False
T-3bb9ce,A-fb186e,2024-11-01 17:12:00,2024-11-02 10:18:20,17.1,urgent,149,3.0,False
T-c02258,A-fb186e,2024-11-08 10:24:00,2024-11-10 22:37:39,60.2,urgent,128,3.0,False
T-ca855c,A-fb186e,2024-11-05 18:13:00,2024-11-07 12:40:14,42.5,low,180,,False
T-46f9ea,A-fb186e,2024-11-07 17:21:00,2024-11-09 09:43:49,40.4,high,180,2.0,False
T-0d82c9,A-fb186e,2024-10-27 17:41:00,2024-10-28 21:40:21,28.0,medium,96,1.0,False
T-2661bc,A-b9f5b1,2024-06-02 14:10:00,2024-06-04 07:22:34,41.2,medium,52,,False
T-32e27b,A-b9f5b1,2024-06-05 19:05:00,2024-06-08 06:07:21,59.0,low,138,4.0,False
T-9a2454,A-bf7919,2024-12-03 15:31:00,2024-12-04 04:04:43,12.6,low,53,3.0,False
T-4d570f,A-bf7919,2024-12-28 13:42:00,2024-12-29 21:01:51,31.3,low,86,4.0,False
T-4cbbc5,A-716841,2024-08-12 18:26:00,2024-08-15 04:47:25,58.4,high,82,4.0,False
T-03c713,A-716841,2024-07-25 12:57:00,2024-07-26 13:52:37,24.9,medium,32,3.0,False
T-45915b,A-716841,2024-10-25 13:07:00,2024-10-26 13:07:20,24.0,urgent,170,5.0,True
T-bd164a,A-716841,2024-08-17 09:34:00,2024-08-18 01:29:40,15.9,urgent,35,2.0,False
T-3fb3dd,A-716841,2024-10-21 08:19:00,2024-10-22 06:51:46,22.5,low,45,2.0,False
T-66d78c,A-716841,2024-10-20 16:11:00,2024-10-21 21:27:15,29.3,high,77,4.0,False
T-b32285,A-716841,2024-09-13 20:23:00,2024-09-15 02:34:10,30.2,urgent,6,,False
T-427d01,A-9f2731,2024-10-07 10:01:00,2024-10-09 22:30:43,60.5,low,75,,False
T-2d5faf,A-9f2731,2024-10-20 15:47:00,2024-10-22 04:18:27,36.5,low,86,3.0,False
T-a5969a,A-118f1c,2024-10-31 18:58:00,2024-11-01 15:53:33,20.9,high,93,3.0,True
T-cda01f,A-118f1c,2024-11-07 11:02:00,2024-11-08 15:19:42,28.3,low,139,,True
T-fa4a58,A-118f1c,2024-11-09 19:35:00,2024-11-11 19:45:46,48.2,low,91,4.0,False
T-0eed75,A-118f1c,2024-11-10 10:39:00,2024-11-11 11:51:58,25.2,high,58,,False
T-e65a19,A-ed510f,2023-07-14 19:49:00,2023-07-15 17:40:21,21.9,urgent,32,,False
T-9fc6af,A-ed510f,2023-07-03 12:16:00,2023-07-05 09:22:06,45.1,low,48,,False
T-5b9fd8,A-ed510f,2023-03-24 20:21:00,2023-03-25 13:35:06,17.2,high,83,4.0,False
T-d5b02c,A-c7ffc2,2023-01-27 16:05:00,2023-01-29 21:28:43,53.4,high,50,,False
T-efd6df,A-c7ffc2,2023-06-23 19:56:00,2023-06-26 19:56:00,72.0,urgent,71,,False
T-03d68f,A-c7ffc2,2023-03-22 11:43:00,2023-03-23 23:40:08,36.0,medium,141,3.0,False
T-0e5621,A-c7ffc2,2023-08-20 14:49:00,2023-08-21 13:17:33,22.5,medium,64,3.0,False
T-8b888d,A-c7ffc2,2023-10-23 14:28:00,2023-10-24 09:32:34,19.1,medium,44,3.0,False
T-45b9d9,A-c7ffc2,2023-03-01 12:22:00,2023-03-04 12:22:00,72.0,medium,40,,False
T-93018f,A-c7ffc2,2024-04-16 10:24:00,2024-04-18 10:40:37,48.3,medium,61,,False
T-6ae4e3,A-cb5333,2024-06-24 20:11:00,2024-06-25 19:05:01,22.9,medium,39,,False
T-d43dd2,A-cb5333,2024-04-11 16:21:00,2024-04-13 03:18:45,35.0,urgent,109,5.0,False
T-adf041,A-cb5333,2024-05-14 08:48:00,2024-05-14 17:09:12,8.4,low,53,2.0,False
T-52de1b,A-cb5333,2024-06-26 10:27:00,2024-06-28 11:54:24,49.5,medium,26,4.0,False
T-e188a0,A-cb5333,2024-05-20 08:37:00,2024-05-21 04:51:09,20.2,low,68,,False
T-e9be9d,A-cb5333,2024-06-09 14:34:00,2024-06-09 20:41:25,6.1,high,27,2.0,False
T-b98222,A-6f8ad2,2024-08-20 12:00:00,2024-08-21 04:48:20,16.8,low,15,,False
T-f47f2e,A-eb7c38,2024-04-26 17:47:00,2024-04-27 13:38:03,19.9,low,23,,False
T-a99429,A-eb7c38,2024-08-12 12:55:00,2024-08-13 15:18:08,26.4,low,64,3.0,False
T-8c0136,A-eb7c38,2024-04-25 19:29:00,2024-04-28 01:51:40,54.4,urgent,24,,False
T-ac441c,A-eb7c38,2024-09-13 09:55:00,2024-09-14 07:50:03,21.9,low,17,,False
T-85daa5,A-eb7c38,2024-07-18 18:05:00,2024-07-19 19:47:39,25.7,urgent,72,,False
T-08926d,A-eb7c38,2024-11-13 08:23:00,2024-11-15 22:50:56,62.5,urgent,17,5.0,False
T-ef7f45,A-eb7c38,2024-05-18 09:12:00,2024-05-18 21:40:36,12.5,low,37,,False
T-97be08,A-7c5768,2024-03-21 14:03:00,2024-03-24 01:09:38,59.1,high,12,,False
T-875295,A-7c5768,2024-03-03 20:54:00,2024-03-05 13:09:20,40.3,medium,55,,False
T-511610,A-e1462e,2024-11-17 11:48:00,2024-11-18 07:53:22,20.1,urgent,107,5.0,False
T-8442fc,A-92a333,2023-09-17 15:02:00,2023-09-17 23:06:58,8.1,medium,32,4.0,False
T-59cc23,A-92a333,2024-09-02 08:57:00,2024-09-03 00:03:27,15.1,urgent,35,,False
T-8ac4fc,A-c16b88,2024-06-01 15:13:00,2024-06-02 01:31:36,10.3,medium,36,,False
T-d6d054,A-c16b88,2024-11-02 12:57:00,2024-11-02 19:37:05,6.7,medium,165,,False
T-3059c6,A-c16b88,2024-03-12 07:10:00,2024-03-13 05:15:00,22.1,urgent,73,4.0,False
T-812a5c,A-02fac6,2023-08-17 16:57:00,2023-08-18 22:39:37,29.7,high,31,,True
T-8186c5,A-02fac6,2023-04-07 20:44:00,2023-04-10 03:16:38,54.5,urgent,34,3.0,False
T-8fb414,A-02fac6,2023-07-18 12:22:00,2023-07-20 13:57:05,49.6,high,131,2.0,False
T-4624d5,A-02fac6,2023-06-23 19:45:00,2023-06-25 02:54:39,31.2,medium,22,,False
T-29a5f9,A-02fac6,2023-04-07 15:08:00,2023-04-10 15:08:00,72.0,high,50,2.0,True
T-99112d,A-02fac6,2023-08-02 07:29:00,2023-08-05 07:29:00,72.0,high,72,4.0,True
T-16ebf1,A-02fac6,2023-12-19 20:13:00,2023-12-22 20:13:00,72.0,urgent,88,,False
T-00a2cc,A-02fac6,2023-06-24 14:17:00,2023-06-26 23:07:58,56.8,urgent,178,4.0,False
T-e88ff6,A-02fac6,2023-11-02 13:24:00,2023-11-05 10:46:30,69.4,urgent,68,4.0,True
T-dd599d,A-cdf020,2023-11-02 15:46:00,2023-11-05 10:59:32,67.2,urgent,57,2.0,False
T-8f173c,A-cdf020,2023-12-11 15:08:00,2023-12-12 21:15:53,30.1,high,40,3.0,False
T-c3c1dc,A-cdf020,2024-04-20 09:37:00,2024-04-22 04:56:36,43.3,low,180,,True
T-dc1620,A-cdf020,2024-03-31 09:08:00,2024-04-02 14:12:20,53.1,high,89,2.0,False
T-742266,A-cdf020,2023-11-12 18:11:00,2023-11-15 18:11:00,72.0,urgent,116,3.0,True
T-3b1ed3,A-cdf020,2023-10-05 08:10:00,2023-10-08 08:10:00,72.0,medium,139,,False
T-242755,A-cdf020,2024-01-13 10:03:00,2024-01-16 10:03:00,72.0,high,30,1.0,False
T-9014fb,A-310452,2024-12-28 17:51:00,2024-12-29 19:04:23,25.2,low,142,3.0,False
T-c6af23,A-310452,2024-12-25 09:54:00,2024-12-26 03:12:52,17.3,urgent,78,,False
T-e07ab1,A-310452,2024-12-28 12:41:00,2024-12-29 22:12:01,33.5,medium,59,3.0,False
T-35fa28,A-4e631b,2024-03-19 19:33:00,2024-03-20 22:27:17,26.9,urgent,180,,False
T-cde2fa,A-4e631b,2024-05-16 19:31:00,2024-05-19 19:31:00,72.0,low,48,,False
T-3d9470,A-4e631b,2024-06-13 19:34:00,2024-06-14 05:05:31,9.5,medium,180,2.0,True
T-411216,A-4e631b,2024-04-24 16:59:00,2024-04-27 16:22:26,71.4,urgent,11,2.0,False
T-a8f383,A-4e631b,2024-08-07 08:28:00,2024-08-08 14:02:23,29.6,low,180,2.0,False
T-827647,A-4e631b,2024-07-24 17:45:00,2024-07-27 17:45:00,72.0,low,180,,False
T-731125,A-4e631b,2024-03-30 08:35:00,2024-04-02 08:35:00,72.0,urgent,48,4.0,True
T-d39325,A-4e631b,2024-06-28 13:05:00,2024-07-01 06:43:45,65.6,urgent,180,3.0,False
T-b51096,A-4e631b,2024-04-11 11:32:00,2024-04-12 17:28:58,29.9,urgent,45,3.0,True
T-fd9926,A-4e631b,2024-04-23 13:50:00,2024-04-24 13:17:00,23.5,urgent,138,2.0,True
T-83ffc1,A-86cdb4,2024-12-26 14:36:00,2024-12-27 17:00:30,26.4,high,100,,False
T-cae0f4,A-86cdb4,2024-11-29 10:56:00,2024-11-30 13:04:56,26.1,medium,123,,False
T-b7e112,A-86cdb4,2024-10-31 09:58:00,2024-11-01 03:37:58,17.7,low,112,3.0,False
T-8b3810,A-86cdb4,2024-11-23 17:52:00,2024-11-25 16:17:37,46.4,medium,164,,False
T-e7e478,A-86cdb4,2024-09-22 20:26:00,2024-09-23 14:33:11,18.1,low,83,2.0,False
T-298ec9,A-86cdb4,2024-12-05 10:35:00,2024-12-06 17:42:08,31.1,urgent,61,2.0,False
T-9e9a05,A-86cdb4,2024-12-21 11:39:00,2024-12-23 21:43:57,58.1,low,42,,False
T-5c3019,A-86cdb4,2024-12-12 18:18:00,2024-12-14 19:59:44,49.7,urgent,174,3.0,True
T-17629e,A-86cdb4,2024-10-11 13:32:00,2024-10-12 09:58:50,20.4,medium,30,2.0,False
T-3d1a21,A-4f18f0,2024-06-26 19:37:00,2024-06-28 14:16:23,42.7,medium,120,4.0,False
T-48c3d8,A-4f18f0,2024-07-15 18:14:00,2024-07-17 07:58:46,37.7,urgent,123,,False
T-36c19f,A-4f18f0,2024-06-07 18:53:00,2024-06-10 10:12:14,63.3,low,76,3.0,False
T-950acf,A-4f18f0,2024-08-20 10:35:00,2024-08-21 16:56:54,30.4,urgent,41,5.0,False
T-3c585d,A-8e47ca,2024-11-13 07:13:00,2024-11-14 00:51:15,17.6,urgent,70,4.0,False
T-f503cd,A-e61e98,2024-08-12 16:13:00,2024-08-12 23:53:34,7.7,high,164,3.0,True
T-b9d60d,A-e61e98,2024-03-10 20:30:00,2024-03-11 04:50:55,8.3,high,101,4.0,False
T-188f12,A-e61e98,2024-06-02 13:15:00,2024-06-04 01:47:41,36.5,high,69,3.0,False
T-25775d,A-e61e98,2024-08-04 08:37:00,2024-08-06 01:16:52,40.7,low,87,3.0,False
T-d47755,A-e61e98,2023-11-22 17:54:00,2023-11-24 18:00:52,48.1,low,116,3.0,True
T-2a7cfe,A-e61e98,2024-01-02 16:26:00,2024-01-03 00:16:56,7.8,urgent,72,4.0,True
T-185ae3,A-558c72,2023-11-23 15:10:00,2023-11-25 05:03:30,37.9,urgent,112,3.0,False
T-d16c06,A-558c72,2024-05-03 18:31:00,2024-05-05 21:41:08,51.2,urgent,87,3.0,False
T-051c56,A-558c72,2023-07-17 19:45:00,2023-07-19 19:45:01,48.0,medium,126,,False
T-2fd809,A-558c72,2024-03-03 13:07:00,2024-03-05 13:33:09,48.4,medium,179,,False
T-9d4add,A-558c72,2024-06-13 07:45:00,2024-06-14 20:22:03,36.6,medium,180,4.0,False
T-59f114,A-d27f50,2024-08-20 09:43:00,2024-08-20 14:43:31,5.0,medium,38,,True
T-b75ea1,A-d27f50,2024-10-17 20:57:00,2024-10-20 02:32:53,53.6,high,180,3.0,False
T-8fe20e,A-d27f50,2024-07-29 16:27:00,2024-07-31 00:21:17,31.9,high,27,,False
T-ea0ec4,A-d27f50,2024-11-10 11:30:00,2024-11-11 20:24:38,32.9,urgent,85,,False
T-7d5b21,A-d27f50,2024-10-14 10:02:00,2024-10-16 04:44:10,42.7,high,63,4.0,False
T-6eb551,A-d27f50,2024-08-31 11:42:00,2024-09-02 13:29:12,49.8,urgent,72,4.0,False
T-c9663d,A-d27f50,2024-10-21 19:21:00,2024-10-23 14:47:20,43.4,high,54,,False
T-ab45c3,A-a0ca4e,2024-05-06 07:53:00,2024-05-07 04:35:20,20.7,medium,65,4.0,False
T-86ca97,A-a0ca4e,2024-03-14 09:20:00,2024-03-16 00:14:42,38.9,low,180,5.0,False
T-c6a808,A-a0ca4e,2024-05-10 19:02:00,2024-05-11 17:17:42,22.3,medium,107,5.0,False
T-859d3f,A-a0ca4e,2024-06-21 14:00:00,2024-06-23 04:57:12,39.0,high,72,4.0,False
T-6d78da,A-a0ca4e,2024-05-23 13:57:00,2024-05-25 14:44:18,48.8,medium,125,4.0,False
T-3dcdae,A-a0ca4e,2024-04-17 14:08:00,2024-04-18 14:53:07,24.8,urgent,105,3.0,False
T-43ba16,A-a0ca4e,2024-05-26 19:05:00,2024-05-28 09:14:34,38.2,medium,99,4.0,False
T-aefe75,A-6f50ae,2024-05-31 13:35:00,2024-06-01 10:45:24,21.2,low,47,3.0,True
T-68cfb0,A-6f50ae,2024-11-13 12:54:00,2024-11-15 15:04:46,50.2,low,115,,False
T-573b32,A-6f50ae,2024-02-08 17:08:00,2024-02-10 01:30:17,32.4,urgent,21,,False
T-4d5c26,A-6f50ae,2024-04-14 12:09:00,2024-04-16 00:37:21,36.5,high,109,,False
T-dad2d5,A-2e4581,2024-12-07 12:32:00,2024-12-08 02:48:41,14.3,high,111,,False
T-fe03e7,A-832ec2,2024-03-14 12:01:00,2024-03-16 23:12:40,59.2,medium,146,5.0,False
T-1d11cd,A-832ec2,2024-06-14 19:52:00,2024-06-15 08:17:15,12.4,low,121,4.0,False
T-a08c3e,A-832ec2,2023-12-30 14:50:00,2024-01-01 03:52:33,37.0,low,54,2.0,True
T-e3a3e4,A-832ec2,2024-11-16 12:37:00,2024-11-18 01:07:52,36.5,low,107,2.0,False
T-786340,A-832ec2,2024-08-16 14:21:00,2024-08-18 08:33:44,42.2,medium,141,4.0,False
T-11db14,A-832ec2,2024-03-30 08:31:00,2024-03-31 07:24:09,22.9,medium,54,4.0,False
T-38e3f3,A-ccabf0,2023-11-26 15:52:00,2023-11-29 15:52:00,72.0,urgent,107,3.0,False
T-732d8a,A-ccabf0,2024-12-07 16:31:00,2024-12-08 13:32:44,21.0,low,148,,False
T-473d71,A-ccabf0,2024-01-16 10:55:00,2024-01-17 07:35:24,20.7,high,98,3.0,False
T-1083a4,A-59f724,2024-01-28 11:07:00,2024-01-29 19:29:23,32.4,low,68,4.0,True
T-5999c4,A-1b9609,2024-01-19 09:36:00,2024-01-22 00:57:02,63.4,medium,69,3.0,False
T-ca57d4,A-1b9609,2024-01-08 13:23:00,2024-01-09 20:01:30,30.6,medium,144,3.0,False
T-d72b9a,A-1b9609,2024-01-14 09:30:00,2024-01-15 13:11:36,27.7,urgent,93,,False
T-5417ae,A-1b9609,2023-10-16 11:11:00,2023-10-18 07:24:58,44.2,urgent,38,2.0,False
T-de36f5,A-1b9609,2023-12-12 16:02:00,2023-12-13 11:44:43,19.7,medium,166,,False
T-7852e1,A-1b9609,2023-11-14 16:56:00,2023-11-17 09:06:32,64.2,medium,35,2.0,False
T-d5e99c,A-1b9609,2023-10-23 09:19:00,2023-10-26 09:19:00,72.0,high,58,2.0,True
T-d8c91d,A-1b9609,2023-10-26 09:43:00,2023-10-28 13:12:16,51.5,medium,180,,False
T-588c06,A-42b791,2024-11-01 11:28:00,2024-11-02 20:38:28,33.2,medium,73,3.0,False
T-5c0185,A-42b791,2024-06-02 16:08:00,2024-06-03 15:04:47,22.9,urgent,158,2.0,True
T-dc6917,A-42b791,2024-05-31 09:16:00,2024-06-02 04:28:20,43.2,high,51,2.0,False
T-588df2,A-42b791,2024-06-19 16:29:00,2024-06-22 16:29:00,72.0,urgent,103,2.0,False
T-ca138f,A-42b791,2024-12-03 16:24:00,2024-12-05 19:54:26,51.5,urgent,114,3.0,False
T-ff3ce5,A-42b791,2024-09-21 10:26:00,2024-09-22 10:56:47,24.5,high,32,,True
T-12aa4b,A-42b791,2024-08-14 11:29:00,2024-08-17 05:40:41,66.2,medium,50,2.0,False
T-3cf823,A-42b791,2024-08-26 09:48:00,2024-08-27 16:31:58,30.7,high,48,,False
T-7093fa,A-bd4708,2024-08-22 13:31:00,2024-08-23 02:29:08,13.0,high,55,3.0,False
T-6108e7,A-bd4708,2024-08-02 19:11:00,2024-08-05 17:34:15,70.4,urgent,43,3.0,False
T-8b0229,A-c62e55,2023-08-04 13:22:00,2023-08-05 02:22:47,13.0,urgent,124,,False
T-101aec,A-c62e55,2023-03-02 20:08:00,2023-03-05 20:08:00,72.0,urgent,60,5.0,False
T-c19110,A-c62e55,2023-06-15 19:23:00,2023-06-17 00:34:21,29.2,medium,17,4.0,False
T-940fe6,A-d26ab4,2024-12-17 08:51:00,2024-12-19 04:03:00,43.2,high,79,,False
T-216ee4,A-09316c,2024-12-24 20:46:00,2024-12-26 16:14:07,43.5,urgent,143,,False
T-4d0392,A-09316c,2024-12-11 18:44:00,2024-12-12 15:12:14,20.5,medium,117,3.0,False
T-3fec9c,A-09316c,2024-09-20 19:33:00,2024-09-22 05:18:48,33.8,low,57,,False
T-74e8a4,A-09316c,2024-09-29 08:25:00,2024-09-29 21:19:47,12.9,low,96,,False
T-615644,A-f5641b,2024-08-13 20:33:00,2024-08-14 14:48:40,18.3,low,180,3.0,False
T-042234,A-f5641b,2024-04-29 13:26:00,2024-05-01 14:20:25,48.9,high,180,,False
T-b4a1d3,A-f5641b,2024-08-20 19:18:00,2024-08-22 08:53:24,37.6,high,85,1.0,False
T-17d032,A-f5641b,2024-07-12 15:03:00,2024-07-14 10:12:19,43.2,low,128,,False
T-313897,A-f5641b,2024-05-23 08:09:00,2024-05-24 16:03:03,31.9,urgent,115,3.0,False
T-7f7b19,A-f5641b,2024-05-02 13:02:00,2024-05-05 13:02:00,72.0,urgent,93,,False
T-d22013,A-f5641b,2024-07-20 19:51:00,2024-07-23 19:51:00,72.0,medium,173,,False
T-8c37c7,A-f5641b,2024-04-29 18:05:00,2024-05-01 07:34:09,37.5,urgent,143,,True
T-14daa9,A-f5641b,2024-08-21 16:14:00,2024-08-22 18:38:35,26.4,low,152,,False
T-bcede5,A-f5641b,2024-05-02 11:23:00,2024-05-03 17:43:08,30.3,urgent,169,2.0,False
T-edec3c,A-f5641b,2024-08-20 08:40:00,2024-08-23 04:42:27,68.0,low,71,3.0,False
T-2e8b5e,A-779e4e,2023-01-29 17:06:00,2023-01-30 10:10:24,17.1,medium,27,5.0,False
T-5a0e6d,A-7f6b86,2024-08-21 20:49:00,2024-08-23 13:01:56,40.2,low,102,,False
T-542b4f,A-7f6b86,2024-05-03 19:52:00,2024-05-05 03:17:40,31.4,urgent,85,,False
T-f492e2,A-7f6b86,2024-03-15 08:53:00,2024-03-18 08:53:00,72.0,low,163,,False
T-72ff9a,A-7f6b86,2024-06-04 15:56:00,2024-06-05 21:23:33,29.5,medium,94,3.0,False
T-e6f740,A-9f0b68,2024-06-14 19:01:00,2024-06-15 20:35:43,25.6,low,79,,False
T-528eae,A-9f0b68,2024-11-04 10:29:00,2024-11-06 12:49:12,50.3,urgent,96,4.0,False
T-12a7eb,A-9f0b68,2024-09-29 19:24:00,2024-09-30 17:54:38,22.5,urgent,57,4.0,False
T-f958e5,A-902ef7,2024-09-24 12:49:00,2024-09-25 03:03:58,14.2,medium,180,2.0,False
T-261d77,A-902ef7,2024-11-03 20:35:00,2024-11-04 19:59:25,23.4,low,21,2.0,False
T-823929,A-902ef7,2024-10-12 13:47:00,2024-10-13 21:56:35,32.2,urgent,80,,False
T-778b67,A-902ef7,2024-09-13 11:49:00,2024-09-14 18:32:41,30.7,low,85,,False
T-c96ad5,A-902ef7,2024-09-19 09:49:00,2024-09-20 03:10:39,17.4,low,94,2.0,False
T-88b9f8,A-902ef7,2024-09-06 16:33:00,2024-09-08 21:33:45,53.0,medium,30,,False
T-b86b10,A-902ef7,2024-09-06 14:38:00,2024-09-08 02:32:39,35.9,urgent,48,3.0,False
T-011689,A-902ef7,2024-09-12 17:29:00,2024-09-13 12:24:13,18.9,medium,54,3.0,False
T-34fcbd,A-902ef7,2024-10-13 20:56:00,2024-10-15 05:56:44,33.0,high,53,,False
T-466b30,A-bad8c1,2024-04-10 08:45:00,2024-04-12 15:58:16,55.2,high,59,,False
T-3a0815,A-a1bbb6,2024-04-03 20:57:00,2024-04-04 15:49:50,18.9,low,108,,False
T-1b8c3f,A-a1bbb6,2024-01-01 07:46:00,2024-01-02 20:32:51,36.8,medium,35,3.0,False
T-667829,A-a1bbb6,2024-04-06 16:29:00,2024-04-08 01:51:34,33.4,medium,11,,False
T-f045e2,A-425e76,2024-02-27 10:28:00,2024-02-28 02:34:23,16.1,medium,97,3.0,False
T-e3736f,A-425e76,2023-07-10 11:46:00,2023-07-11 02:29:27,14.7,low,52,5.0,False
T-c8cc00,A-425e76,2024-10-06 12:19:00,2024-10-07 11:48:05,23.5,low,24,4.0,False
T-343148,A-425e76,2024-11-24 18:12:00,2024-11-25 19:47:16,25.6,high,89,2.0,False
T-ebbf3d,A-cc8c8f,2024-11-28 20:43:00,2024-11-30 14:29:09,41.8,low,33,,False
T-20900a,A-cc8c8f,2024-08-23 12:38:00,2024-08-25 03:05:21,38.5,urgent,125,,False
T-6511f0,A-cc8c8f,2024-08-15 12:47:00,2024-08-16 17:42:22,28.9,low,52,5.0,False
T-53cb4d,A-cc8c8f,2024-09-29 10:13:00,2024-09-29 23:52:48,13.7,low,107,3.0,False
T-f0cb03,A-c4ea60,2024-10-17 07:09:00,2024-10-18 03:22:39,20.2,low,106,5.0,False
T-9c3433,A-c4ea60,2023-08-03 08:03:00,2023-08-03 19:28:44,11.4,medium,73,4.0,False
T-22d700,A-c4ea60,2024-08-09 14:37:00,2024-08-09 22:12:29,7.6,high,46,4.0,False
T-e0daec,A-9badbd,2024-07-19 19:57:00,2024-07-20 05:34:05,9.6,medium,46,5.0,False
T-bec6e8,A-9badbd,2024-09-05 09:34:00,2024-09-06 12:58:00,27.4,low,60,3.0,True
T-a103f4,A-9badbd,2024-12-25 15:09:00,2024-12-27 01:23:10,34.2,medium,89,,False
T-a4dacd,A-de24d5,2024-11-09 08:03:00,2024-11-10 05:17:59,21.2,urgent,69,2.0,False
T-ea2b2f,A-de24d5,2024-11-18 16:57:00,2024-11-21 01:48:38,56.9,low,75,,True
T-4776ca,A-de24d5,2024-11-16 09:27:00,2024-11-18 12:38:16,51.2,low,47,3.0,False
T-9606b6,A-de24d5,2024-11-09 20:06:00,2024-11-11 03:16:35,31.2,medium,14,3.0,False
T-997a16,A-de24d5,2024-11-15 15:43:00,2024-11-17 11:20:36,43.6,low,180,4.0,False
T-5e6d6f,A-de24d5,2024-11-06 07:37:00,2024-11-08 06:08:07,46.5,medium,53,4.0,False
T-94eaea,A-781cc0,2024-12-26 08:10:00,2024-12-28 22:38:34,62.5,medium,180,2.0,False
T-53a659,A-781cc0,2024-09-26 11:55:00,2024-09-27 19:42:59,31.8,medium,38,1.0,False
T-d64a45,A-781cc0,2024-11-04 18:04:00,2024-11-06 06:14:14,36.2,medium,94,,False
T-4dbea0,A-781cc0,2024-09-27 07:17:00,2024-09-28 22:40:11,39.4,medium,96,2.0,False
T-ea2572,A-781cc0,2024-11-06 18:40:00,2024-11-09 17:36:11,70.9,medium,44,4.0,False
T-b25b72,A-781cc0,2024-11-11 08:58:00,2024-11-12 03:53:13,18.9,urgent,180,2.0,False
T-622c7f,A-781cc0,2024-12-19 10:18:00,2024-12-21 03:28:35,41.2,high,175,2.0,False
T-ccffda,A-781cc0,2024-12-03 09:57:00,2024-12-06 05:40:35,67.7,low,107,3.0,False
T-d2c23c,A-b7b7b7,2024-10-03 07:08:00,2024-10-04 00:00:06,16.9,medium,59,,False
T-998485,A-b7b7b7,2024-09-06 20:06:00,2024-09-08 05:22:42,33.3,medium,68,,False
T-cc971f,A-508199,2024-08-23 10:50:00,2024-08-26 03:31:41,64.7,urgent,48,3.0,False
T-7c7215,A-508199,2024-01-28 12:18:00,2024-01-29 20:20:52,32.0,high,76,2.0,False
T-117e04,A-508199,2024-01-28 12:12:00,2024-01-29 10:36:09,22.4,urgent,38,3.0,False
T-51fe4f,A-508199,2024-02-16 09:31:00,2024-02-16 16:31:31,7.0,medium,37,3.0,True
T-8ebf06,A-508199,2024-06-02 20:17:00,2024-06-04 11:16:44,39.0,urgent,84,,False
T-3617ca,A-508199,2024-11-27 07:26:00,2024-11-27 18:55:52,11.5,urgent,92,1.0,True
T-81ff3a,A-508199,2024-11-16 19:49:00,2024-11-19 07:13:51,59.4,medium,43,4.0,True
T-07a937,A-508199,2024-10-23 16:30:00,2024-10-24 09:09:46,16.7,high,35,3.0,False
T-56ac64,A-508199,2024-10-14 19:46:00,2024-10-15 14:50:11,19.1,urgent,180,1.0,False
T-a55520,A-508199,2024-11-02 07:08:00,2024-11-04 06:19:58,47.2,urgent,91,,False
T-33052d,A-65c341,2024-02-05 08:31:00,2024-02-05 20:12:08,11.7,urgent,98,,False
T-2d300a,A-65c341,2024-10-10 19:56:00,2024-10-11 05:14:30,9.3,medium,113,3.0,False
T-a1ac0a,A-65c341,2024-10-31 09:39:00,2024-11-02 23:12:41,61.6,urgent,94,3.0,False
T-e94877,A-82861f,2024-09-21 08:07:00,2024-09-22 12:13:26,28.1,high,140,4.0,False
T-3134e1,A-82861f,2024-04-30 17:22:00,2024-05-01 22:53:28,29.5,medium,27,,False
T-380721,A-82861f,2024-12-17 09:58:00,2024-12-19 05:19:46,43.4,low,113,4.0,False
T-51007f,A-e40f45,2024-10-12 17:28:00,2024-10-13 23:04:20,29.6,medium,120,2.0,False
T-3668c8,A-e40f45,2024-09-02 14:07:00,2024-09-03 15:22:07,25.3,medium,63,2.0,False
T-0f8981,A-e40f45,2024-12-30 19:18:00,2024-12-31 06:18:39,11.0,high,177,3.0,False
T-cb77ed,A-e40f45,2024-07-21 12:33:00,2024-07-21 21:28:44,8.9,medium,71,1.0,False
T-51889b,A-e40f45,2024-09-20 15:55:00,2024-09-21 06:13:47,14.3,high,137,4.0,False
T-467207,A-4c38bc,2024-05-21 13:56:00,2024-05-23 03:19:00,37.4,medium,158,1.0,False
T-996e0c,A-4c38bc,2024-03-18 17:43:00,2024-03-20 14:59:50,45.3,urgent,117,4.0,False
T-0ccd87,A-4c38bc,2024-08-31 15:49:00,2024-09-01 09:45:07,17.9,urgent,74,3.0,True
T-b1d41b,A-4c38bc,2024-06-14 09:27:00,2024-06-17 09:27:00,72.0,urgent,92,,False
T-23d410,A-4c38bc,2024-03-16 18:02:00,2024-03-18 07:30:46,37.5,high,49,2.0,False
T-ac4185,A-4c38bc,2024-04-21 19:10:00,2024-04-22 16:51:02,21.7,low,65,3.0,False
T-c98b4b,A-ac9111,2024-01-28 17:09:00,2024-01-29 06:59:21,13.8,medium,35,5.0,False
T-8737ab,A-ac9111,2023-10-27 15:58:00,2023-10-28 12:08:04,20.2,medium,47,4.0,False
T-8c9f7c,A-b7724f,2023-09-06 19:04:00,2023-09-08 00:47:41,29.7,low,85,,False
T-987d50,A-b7724f,2023-10-20 12:42:00,2023-10-22 09:13:48,44.5,medium,32,4.0,False
T-7d3e07,A-b7724f,2023-05-15 16:31:00,2023-05-16 22:25:30,29.9,low,46,3.0,False
T-e2a3e9,A-b7724f,2024-04-09 15:17:00,2024-04-10 07:18:45,16.0,high,90,,False
T-5684b4,A-b7724f,2023-09-03 17:47:00,2023-09-04 20:12:13,26.4,medium,130,4.0,False
T-5a2622,A-241e75,2024-11-01 09:39:00,2024-11-03 18:42:39,57.1,low,49,2.0,False
T-961698,A-241e75,2024-12-28 15:49:00,2024-12-30 23:18:37,55.5,high,38,2.0,False
T-9cb0f3,A-bd4513,2024-12-17 16:12:00,2024-12-20 02:29:53,58.3,medium,6,,False
T-d40e00,A-bd4513,2024-12-03 14:43:00,2024-12-04 15:38:07,24.9,medium,33,,False
T-fbdab8,A-bd4513,2024-12-24 17:20:00,2024-12-25 09:35:11,16.3,high,32,3.0,False
T-c34e25,A-bd4513,2024-12-22 10:25:00,2024-12-23 19:44:57,33.3,high,28,,False
T-c00604,A-bd4513,2024-12-01 15:40:00,2024-12-02 14:28:48,22.8,high,37,3.0,False
T-6e05ae,A-e6afc1,2023-03-14 13:43:00,2023-03-15 20:07:33,30.4,high,136,,False
T-de8574,A-e6afc1,2023-08-30 10:01:00,2023-09-01 08:00:04,46.0,urgent,79,2.0,False
T-7dd9d3,A-e6afc1,2023-04-12 18:51:00,2023-04-14 18:52:07,48.0,urgent,28,3.0,False
T-5c60ee,A-e6afc1,2023-06-27 09:02:00,2023-06-29 21:54:09,60.9,high,46,4.0,True
T-340c78,A-e6afc1,2023-06-07 07:51:00,2023-06-08 00:56:08,17.1,urgent,105,4.0,False
T-2433b5,A-e6afc1,2023-11-13 20:17:00,2023-11-16 12:05:25,63.8,high,113,,False
T-8d9077,A-34ea2f,2024-10-24 08:24:00,2024-10-27 08:24:00,72.0,urgent,83,,False
T-4bf259,A-34ea2f,2024-11-12 07:20:00,2024-11-13 10:37:01,27.3,medium,159,,False
T-587885,A-34ea2f,2024-08-27 17:56:00,2024-08-29 13:11:06,43.3,high,48,3.0,False
T-f13aec,A-34ea2f,2024-10-19 15:09:00,2024-10-20 18:55:51,27.8,urgent,84,3.0,False
T-526917,A-34ea2f,2024-09-05 08:36:00,2024-09-06 09:05:05,24.5,high,56,5.0,False
T-7aa686,A-34ea2f,2024-11-24 10:25:00,2024-11-26 18:07:03,55.7,medium,53,,False
T-a8710c,A-798a3f,2023-12-17 07:55:00,2023-12-18 01:55:02,18.0,high,82,,False
T-207018,A-798a3f,2024-03-31 11:21:00,2024-04-01 16:47:52,29.4,high,106,1.0,True
T-122aeb,A-798a3f,2024-01-07 15:30:00,2024-01-10 08:26:29,64.9,high,180,2.0,False
T-9b2911,A-798a3f,2024-02-16 07:55:00,2024-02-19 07:55:00,72.0,high,167,2.0,False
T-6dcf4a,A-798a3f,2024-02-18 11:53:00,2024-02-20 14:51:13,51.0,high,157,1.0,True
T-5fa6b0,A-798a3f,2023-11-06 15:50:00,2023-11-09 15:50:00,72.0,medium,107,,False
T-d5e95c,A-798a3f,2024-01-15 15:55:00,2024-01-16 05:24:22,13.5,low,16,,True
T-254d18,A-798a3f,2023-12-10 16:47:00,2023-12-11 21:50:11,29.1,medium,61,3.0,False
T-a17409,A-798a3f,2024-01-27 15:36:00,2024-01-28 13:44:26,22.1,medium,180,,False
T-17b2ee,A-798a3f,2024-01-24 16:48:00,2024-01-26 16:20:16,47.5,low,158,2.0,False
T-5a0023,A-798a3f,2023-12-29 19:06:00,2023-12-31 19:56:05,48.8,high,41,1.0,False
T-168899,A-798a3f,2024-01-11 16:59:00,2024-01-13 06:33:36,37.6,medium,72,,False
T-8dc197,A-798a3f,2023-12-29 15:19:00,2023-12-31 00:57:59,33.6,medium,141,,False
T-7438d8,A-798a3f,2024-03-10 07:13:00,2024-03-12 18:50:49,59.6,high,118,,False
T-7ab854,A-798a3f,2023-10-21 10:59:00,2023-10-23 00:11:21,37.2,urgent,180,1.0,True
T-da85e1,A-798a3f,2024-01-27 17:24:00,2024-01-29 03:27:46,34.1,low,69,2.0,False
T-0c0112,A-798a3f,2024-01-31 07:49:00,2024-02-02 14:56:43,55.1,high,107,,False
T-0fc776,A-798a3f,2024-01-16 14:21:00,2024-01-18 08:15:22,41.9,urgent,64,3.0,False
T-1db736,A-f25509,2024-05-09 18:08:00,2024-05-12 15:27:21,69.3,low,134,4.0,False
T-3885b7,A-f25509,2024-05-05 13:10:00,2024-05-08 13:10:00,72.0,medium,88,,False
T-62763d,A-f25509,2024-04-24 11:55:00,2024-04-25 21:13:32,33.3,medium,112,4.0,False
T-1d8c24,A-f25509,2024-03-27 18:07:00,2024-03-29 01:20:20,31.2,medium,19,3.0,False
T-b218d1,A-f25509,2024-04-29 19:41:00,2024-05-01 01:34:17,29.9,low,18,,False
T-857c5f,A-f25509,2024-04-30 19:38:00,2024-05-02 15:13:26,43.6,high,26,3.0,False
T-35f8ae,A-f25509,2024-06-04 08:03:00,2024-06-04 18:02:17,10.0,urgent,69,,False
T-71af68,A-7f29a7,2024-12-20 09:44:00,2024-12-21 12:30:56,26.8,urgent,17,4.0,False
T-ea5ae3,A-7f29a7,2024-11-06 16:40:00,2024-11-08 20:23:43,51.7,high,42,,False
T-07b491,A-7f29a7,2024-12-09 16:50:00,2024-12-11 07:48:59,39.0,low,54,,False
T-012f8d,A-9bfc9f,2024-03-01 07:12:00,2024-03-02 18:11:05,35.0,medium,47,2.0,False
T-501fea,A-9bfc9f,2024-04-16 16:30:00,2024-04-17 13:38:18,21.1,urgent,180,3.0,True
T-ee2d82,A-9bfc9f,2023-11-04 12:32:00,2023-11-05 05:21:40,16.8,urgent,83,,False
T-305564,A-90a8c8,2024-09-04 20:22:00,2024-09-06 00:14:42,27.9,medium,132,1.0,False
T-85f27f,A-90a8c8,2024-10-21 09:16:00,2024-10-23 02:46:04,41.5,low,92,,False
T-08bf21,A-90a8c8,2024-10-05 10:48:00,2024-10-07 01:35:47,38.8,high,180,,True
T-29eaca,A-90a8c8,2024-09-02 15:30:00,2024-09-04 15:09:48,47.7,high,91,4.0,False
T-26c240,A-90a8c8,2024-12-24 12:04:00,2024-12-25 00:47:29,12.7,medium,112,3.0,False
T-802876,A-90a8c8,2024-11-16 16:05:00,2024-11-18 07:46:49,39.7,low,71,,False
T-923e39,A-02cd81,2024-06-09 20:54:00,2024-06-10 17:03:14,20.2,high,75,,False
T-2bdf2f,A-02cd81,2024-06-05 12:47:00,2024-06-07 16:36:26,51.8,medium,45,,False
T-10d370,A-02cd81,2024-04-11 10:02:00,2024-04-12 19:26:22,33.4,medium,128,,False
T-49710c,A-02cd81,2024-04-20 07:01:00,2024-04-22 10:43:52,51.7,high,77,,False
T-af80a9,A-02cd81,2024-04-14 19:46:00,2024-04-15 02:42:14,6.9,medium,24,,False
T-2d2624,A-02cd81,2024-04-29 17:54:00,2024-04-30 15:07:12,21.2,low,38,4.0,False
T-9c9823,A-02cd81,2024-05-06 18:15:00,2024-05-07 18:52:03,24.6,medium,70,3.0,False
T-809196,A-eafc6e,2023-09-05 13:32:00,2023-09-06 06:02:31,16.5,medium,146,3.0,True
T-be8dd4,A-eafc6e,2023-10-10 18:17:00,2023-10-13 00:29:50,54.2,medium,23,5.0,False
T-5f95be,A-eafc6e,2024-07-29 16:24:00,2024-07-31 15:18:36,46.9,low,26,5.0,False
T-12bf01,A-eafc6e,2024-03-31 07:59:00,2024-04-01 07:50:43,23.9,urgent,42,4.0,True
T-9af4ba,A-eafc6e,2024-01-13 13:39:00,2024-01-16 02:09:59,60.5,urgent,140,,False
T-7654f9,A-6a4e2d,2024-12-15 10:53:00,2024-12-15 14:55:33,4.0,medium,94,3.0,False
T-85a51d,A-6a4e2d,2023-10-31 13:36:00,2023-11-01 14:07:43,24.5,medium,24,4.0,True
T-0ec0f9,A-e89151,2023-11-29 12:01:00,2023-11-30 05:03:47,17.0,low,163,4.0,False
T-18eedf,A-e89151,2024-07-12 12:44:00,2024-07-13 17:06:36,28.4,urgent,157,,False
T-c97fc0,A-e89151,2024-05-11 14:20:00,2024-05-11 23:23:00,9.1,low,120,4.0,False
T-73625d,A-e89151,2024-01-25 19:35:00,2024-01-26 06:17:08,10.7,low,8,,False
T-2aa2de,A-e89151,2024-09-13 12:52:00,2024-09-16 12:52:00,72.0,high,112,,False
T-125364,A-e89151,2024-03-02 09:06:00,2024-03-04 12:07:12,51.0,urgent,111,,False
T-2088e0,A-592832,2024-12-01 14:41:00,2024-12-02 07:12:18,16.5,low,30,5.0,False
T-1c05a4,A-592832,2024-12-20 08:09:00,2024-12-20 18:39:51,10.5,low,111,,True
T-aecc7e,A-592832,2024-12-18 17:08:00,2024-12-19 01:53:09,8.8,medium,95,4.0,False
T-b2c0e8,A-592832,2024-10-30 17:14:00,2024-11-01 00:50:00,31.6,medium,98,,False
T-ae2c77,A-eb1312,2024-09-18 08:23:00,2024-09-19 05:11:01,20.8,low,65,3.0,False
T-f32fdf,A-eb1312,2024-10-09 16:44:00,2024-10-10 10:42:15,18.0,urgent,76,5.0,False
T-d19354,A-eb1312,2024-12-02 15:12:00,2024-12-03 02:49:25,11.6,low,47,,False
T-c4bc1b,A-39b19f,2024-07-11 19:47:00,2024-07-12 19:55:05,24.1,medium,11,5.0,False
T-427cb3,A-39b19f,2024-01-14 13:56:00,2024-01-15 05:24:27,15.5,low,51,3.0,False
T-400ba9,A-39b19f,2023-10-18 10:32:00,2023-10-19 00:41:02,14.2,low,31,,False
T-cb30e7,A-7641d3,2024-03-07 12:42:00,2024-03-08 08:06:46,19.4,low,12,5.0,False
T-db0ead,A-0158bb,2024-10-16 14:47:00,2024-10-19 14:47:00,72.0,low,77,3.0,False
T-5ca060,A-0158bb,2024-09-02 11:32:00,2024-09-03 01:39:58,14.1,medium,73,3.0,False
T-b72e3b,A-0158bb,2024-07-17 13:28:00,2024-07-18 14:37:31,25.2,urgent,60,,False
T-ef63d8,A-0158bb,2024-11-15 18:56:00,2024-11-16 02:43:51,7.8,high,148,,False
T-c5d5f7,A-0158bb,2024-08-05 17:54:00,2024-08-06 12:08:51,18.2,high,84,2.0,False
T-27e622,A-0158bb,2024-08-22 19:46:00,2024-08-25 02:16:27,54.5,medium,53,3.0,False
T-5ab866,A-0158bb,2024-09-10 16:44:00,2024-09-13 02:01:33,57.3,medium,120,3.0,True
T-c1ec72,A-0158bb,2024-07-18 19:28:00,2024-07-20 15:14:34,43.8,medium,69,,False
T-8690b5,A-0158bb,2024-07-08 11:20:00,2024-07-11 11:20:00,72.0,low,80,,False
T-f24d34,A-0158bb,2024-10-23 08:39:00,2024-10-25 02:14:04,41.6,low,30,3.0,False
T-680bfa,A-72799b,2024-04-30 19:28:00,2024-05-01 07:53:47,12.4,medium,76,,False
T-411f74,A-72799b,2024-11-12 18:50:00,2024-11-14 00:20:46,29.5,high,75,,False
T-6549fa,A-72799b,2024-10-16 09:28:00,2024-10-16 21:23:09,11.9,low,61,5.0,False
T-41d1e8,A-72799b,2024-05-18 08:18:00,2024-05-20 00:51:51,40.6,low,41,,False
T-202278,A-96bbc6,2024-10-01 15:01:00,2024-10-03 21:13:07,54.2,medium,108,4.0,False
T-8273c7,A-96bbc6,2024-05-11 20:08:00,2024-05-14 01:31:01,53.4,urgent,122,3.0,False
T-b5327a,A-96bbc6,2024-10-12 16:08:00,2024-10-14 08:36:07,40.5,high,70,3.0,False
T-66662b,A-96bbc6,2024-08-20 07:44:00,2024-08-21 13:41:09,30.0,low,68,2.0,False
T-549cd5,A-96bbc6,2024-08-21 15:47:00,2024-08-23 00:45:00,33.0,urgent,28,,False
T-fea0a9,A-756192,2023-06-14 11:43:00,2023-06-15 23:22:01,35.7,low,96,2.0,False
T-ad0205,A-756192,2023-06-20 17:38:00,2023-06-22 11:49:11,42.2,urgent,161,1.0,True
T-eeba23,A-756192,2023-09-08 20:15:00,2023-09-11 20:15:00,72.0,high,180,,True
T-06f37e,A-756192,2023-09-06 17:27:00,2023-09-09 17:27:00,72.0,urgent,108,,False
T-eca80b,A-756192,2023-09-09 10:57:00,2023-09-10 19:45:23,32.8,low,48,2.0,True
T-4c1d50,A-756192,2023-09-28 20:18:00,2023-10-01 20:18:00,72.0,medium,149,2.0,False
T-41cfa4,A-756192,2023-08-10 11:02:00,2023-08-13 11:02:00,72.0,high,148,1.0,True
T-50234d,A-756192,2023-07-25 11:23:00,2023-07-28 10:02:19,70.7,medium,91,,True
T-77ddb6,A-756192,2023-09-02 10:05:00,2023-09-04 10:07:10,48.0,medium,157,,False
T-7a7504,A-756192,2023-08-22 18:09:00,2023-08-25 15:02:55,68.9,urgent,180,2.0,False
T-6358b2,A-756192,2023-08-21 16:59:00,2023-08-24 16:56:06,72.0,urgent,43,,True
T-0327a4,A-e08cd3,2024-12-10 16:49:00,2024-12-12 11:59:19,43.2,urgent,16,3.0,False
T-6dd39a,A-e08cd3,2024-12-24 07:34:00,2024-12-26 02:41:22,43.1,medium,95,4.0,False
T-9179e1,A-e08cd3,2024-11-17 09:15:00,2024-11-18 14:28:13,29.2,urgent,78,4.0,False
T-49ebf3,A-e08cd3,2024-09-21 20:01:00,2024-09-22 12:14:02,16.2,low,75,4.0,False
T-eba2f1,A-e08cd3,2024-10-05 14:18:00,2024-10-07 00:26:22,34.1,medium,109,2.0,False
T-90d040,A-8145a0,2024-02-17 08:09:00,2024-02-18 05:34:04,21.4,low,53,,False
T-9d798e,A-8145a0,2024-04-04 13:52:00,2024-04-07 13:52:00,72.0,high,39,,False
T-7c8dfc,A-8145a0,2024-03-20 19:03:00,2024-03-22 23:36:25,52.6,urgent,168,,False
T-1f8d56,A-8145a0,2023-06-21 07:23:00,2023-06-22 05:33:36,22.2,medium,111,,False
T-f9fcc6,A-8145a0,2023-08-06 20:43:00,2023-08-09 14:17:00,65.6,medium,51,3.0,False
T-d1bf8b,A-8145a0,2024-05-18 17:07:00,2024-05-19 11:27:02,18.3,urgent,66,4.0,False
T-1bed55,A-8145a0,2023-09-15 18:01:00,2023-09-16 05:13:56,11.2,urgent,94,3.0,False
T-23bb97,A-8145a0,2023-07-09 11:38:00,2023-07-12 11:38:00,72.0,medium,74,,False
T-dd7e09,A-8145a0,2024-02-21 13:08:00,2024-02-22 09:11:23,20.1,high,128,,False
T-388dc7,A-c1e51e,2024-12-01 14:02:00,2024-12-04 14:02:00,72.0,high,180,2.0,False
T-a13727,A-c1e51e,2024-10-29 10:27:00,2024-10-31 01:02:24,38.6,low,127,,False
T-817473,A-c1e51e,2024-10-29 11:54:00,2024-10-30 06:29:55,18.6,high,180,1.0,False
T-244303,A-c1e51e,2024-11-13 14:09:00,2024-11-13 22:11:59,8.0,medium,109,3.0,True
T-fa04ae,A-c1e51e,2024-12-14 16:32:00,2024-12-16 20:42:39,52.2,medium,24,,False
T-6f5055,A-c1e51e,2024-11-16 20:09:00,2024-11-19 20:09:00,72.0,high,80,,True
T-e79739,A-db5e9e,2024-11-23 09:50:00,2024-11-24 00:38:38,14.8,urgent,32,,False
T-fdaa44,A-db5e9e,2024-12-17 13:13:00,2024-12-20 12:55:55,71.7,low,91,,False
T-6aea90,A-700ade,2024-12-30 09:05:00,2024-12-31 11:06:19,26.0,high,29,4.0,True
T-b8a893,A-700ade,2024-11-27 17:21:00,2024-11-28 12:01:24,18.7,medium,118,,False
T-7e0d59,A-700ade,2024-11-25 09:57:00,2024-11-26 01:29:10,15.5,medium,43,,False
T-652461,A-700ade,2024-11-04 09:16:00,2024-11-05 00:34:38,15.3,low,47,3.0,False
T-2bfad9,A-19b2c8,2024-05-10 16:59:00,2024-05-11 11:33:41,18.6,low,47,4.0,False
T-36b9ea,A-19b2c8,2024-12-22 09:10:00,2024-12-23 04:48:46,19.6,high,123,5.0,False
T-82f7c3,A-19b2c8,2024-01-12 09:25:00,2024-01-12 20:35:12,11.2,low,20,4.0,False
T-325e6c,A-bb3bd4,2024-12-15 15:30:00,2024-12-16 19:37:47,28.1,urgent,105,1.0,False
T-d532d3,A-bb3bd4,2024-07-16 19:35:00,2024-07-17 12:38:52,17.1,medium,113,,True
T-ebac8b,A-bb3bd4,2024-03-04 09:19:00,2024-03-07 09:19:00,72.0,high,100,3.0,True
T-bf2532,A-bb3bd4,2024-11-20 10:06:00,2024-11-23 09:07:55,71.0,urgent,166,3.0,False
T-e8a3f9,A-bb3bd4,2024-02-14 08:51:00,2024-02-16 21:13:18,60.4,low,180,1.0,False
T-e98e5d,A-bb3bd4,2024-03-30 07:41:00,2024-03-31 01:55:34,18.2,urgent,91,3.0,True
T-391c63,A-bb3bd4,2024-12-23 07:25:00,2024-12-24 13:35:52,30.2,urgent,50,,False
T-8c2172,A-1e50e0,2024-01-04 14:01:00,2024-01-05 22:29:47,32.5,medium,28,,False
T-92d3bc,A-1e50e0,2023-12-21 18:05:00,2023-12-22 21:23:58,27.3,high,74,5.0,False
T-c9277d,A-1e50e0,2023-06-09 07:18:00,2023-06-09 11:50:18,4.5,medium,80,,False
T-ccc5c0,A-1e50e0,2023-07-05 11:47:00,2023-07-07 05:22:43,41.6,low,97,,False
T-fdd886,A-7c6b6b,2024-12-04 13:17:00,2024-12-06 12:49:06,47.5,medium,118,3.0,False
T-4051f4,A-7c6b6b,2024-12-24 19:50:00,2024-12-25 15:16:11,19.4,low,90,,False
T-bc5565,A-7c6b6b,2024-12-07 20:53:00,2024-12-10 07:44:11,58.9,high,98,,False
T-c29660,A-7c6b6b,2024-12-24 19:31:00,2024-12-26 03:36:45,32.1,urgent,180,,True
T-c0f2e2,A-7c6b6b,2024-12-22 17:59:00,2024-12-24 04:32:57,34.6,urgent,180,2.0,False
T-60c1e4,A-7c6b6b,2024-11-30 16:03:00,2024-12-02 06:00:30,38.0,low,172,4.0,False
T-bdcabc,A-7c6b6b,2024-12-21 11:14:00,2024-12-24 04:12:56,65.0,medium,75,,True
T-4d94a9,A-0a62f5,2024-12-12 17:36:00,2024-12-14 10:43:40,41.1,urgent,45,3.0,False
T-3936c6,A-0a62f5,2024-12-21 08:46:00,2024-12-22 12:48:10,28.0,urgent,116,4.0,False
T-b7af19,A-e693b6,2023-09-12 17:27:00,2023-09-13 18:24:33,25.0,urgent,117,4.0,False
T-00b7df,A-e693b6,2024-09-14 18:19:00,2024-09-15 07:22:51,13.1,urgent,54,2.0,False
T-52b9e1,A-e693b6,2023-06-03 16:09:00,2023-06-05 10:15:19,42.1,low,104,,False
T-da204d,A-e693b6,2024-08-28 18:06:00,2024-08-31 07:29:14,61.4,low,84,3.0,False
T-450d88,A-e693b6,2024-05-14 12:35:00,2024-05-17 12:35:00,72.0,low,89,,True
T-671f1e,A-cab532,2023-07-08 19:32:00,2023-07-11 07:40:43,60.1,low,124,,False
T-45293d,A-3f9cc0,2024-08-29 11:08:00,2024-08-30 04:44:44,17.6,medium,46,4.0,False
T-f7c176,A-922109,2024-04-11 13:47:00,2024-04-13 08:03:47,42.3,urgent,66,,False
T-3360cb,A-922109,2024-05-22 13:39:00,2024-05-25 09:53:48,68.2,urgent,158,4.0,True
T-22e233,A-922109,2024-04-13 18:56:00,2024-04-16 13:05:07,66.2,medium,98,,False
T-f33d98,A-922109,2024-03-14 12:46:00,2024-03-17 12:46:00,72.0,urgent,13,,True
T-41918d,A-a09355,2024-11-01 14:50:00,2024-11-02 09:37:16,18.8,urgent,24,,True
T-1f47af,A-a09355,2024-11-18 17:21:00,2024-11-19 18:07:53,24.8,urgent,15,,False
T-ef990e,A-a09355,2024-10-15 16:08:00,2024-10-17 13:31:03,45.4,high,83,,False
T-12e405,A-a09355,2024-11-12 16:17:00,2024-11-13 14:44:25,22.5,low,180,3.0,False
T-44999d,A-a09355,2024-12-02 08:51:00,2024-12-04 16:11:37,55.3,urgent,14,3.0,False
T-9ad606,A-a09355,2024-10-02 15:17:00,2024-10-05 15:17:00,72.0,low,99,,False
T-62181c,A-751bd4,2024-07-20 07:35:00,2024-07-22 10:23:32,50.8,medium,64,2.0,False
T-aed3f1,A-751bd4,2024-10-14 18:08:00,2024-10-17 18:08:00,72.0,urgent,180,2.0,False
T-4fb3c4,A-751bd4,2024-07-30 09:28:00,2024-07-31 15:38:39,30.2,medium,82,1.0,False
T-c7de84,A-751bd4,2024-11-01 07:30:00,2024-11-02 18:06:30,34.6,low,71,2.0,True
T-c5cdf1,A-751bd4,2024-08-02 18:19:00,2024-08-04 17:56:13,47.6,high,180,3.0,False
T-28830d,A-751bd4,2024-09-17 13:04:00,2024-09-20 04:50:16,63.8,urgent,78,,False
T-7d40bb,A-751bd4,2024-10-06 13:37:00,2024-10-07 21:47:13,32.2,urgent,179,,False
T-1ecbf3,A-751bd4,2024-09-24 07:33:00,2024-09-26 15:17:32,55.7,urgent,180,3.0,False
T-5557dc,A-751bd4,2024-10-22 09:09:00,2024-10-25 09:09:00,72.0,low,55,,False
T-43f100,A-751bd4,2024-08-03 16:56:00,2024-08-04 20:25:01,27.5,medium,61,2.0,False
T-3bd448,A-7df7a7,2023-12-21 11:08:00,2023-12-22 08:58:31,21.8,low,42,2.0,False
T-6beadb,A-7df7a7,2023-11-12 08:17:00,2023-11-13 16:19:02,32.0,medium,107,,False
T-9bc7a5,A-7df7a7,2023-10-23 07:33:00,2023-10-24 16:09:57,32.6,low,117,5.0,False
T-18792b,A-7df7a7,2023-07-19 17:51:00,2023-07-21 08:49:03,39.0,low,134,4.0,False
T-022b5d,A-309e54,2024-12-27 19:41:00,2024-12-28 05:35:01,9.9,low,97,,False
T-0b04e5,A-c58f49,2024-09-13 13:59:00,2024-09-14 20:57:16,31.0,high,70,3.0,False
T-4e3c24,A-c58f49,2024-12-10 13:02:00,2024-12-12 02:26:28,37.4,medium,168,3.0,False
T-046729,A-c58f49,2024-10-07 08:41:00,2024-10-08 11:45:20,27.1,urgent,32,2.0,False
T-7b18e1,A-c58f49,2024-12-10 14:44:00,2024-12-11 19:23:04,28.7,low,26,5.0,False
T-f444a7,A-c58f49,2024-11-05 12:33:00,2024-11-06 21:22:00,32.8,low,54,,False
T-df0dad,A-6e7827,2024-02-22 13:40:00,2024-02-22 22:13:19,8.6,low,57,3.0,False
T-4295ee,A-6e7827,2023-05-01 12:36:00,2023-05-02 00:24:56,11.8,low,89,,False
T-cf9913,A-6e7827,2023-06-01 09:23:00,2023-06-02 08:51:48,23.5,medium,29,3.0,False
T-f35b53,A-6e7827,2023-05-28 20:41:00,2023-05-30 09:40:49,37.0,medium,100,5.0,False
T-2aefe8,A-4bfa33,2024-12-14 12:49:00,2024-12-15 02:53:05,14.1,low,114,,False
T-f5be43,A-4bfa33,2024-12-26 17:07:00,2024-12-28 04:51:27,35.7,medium,88,4.0,False
T-c8d913,A-a1b80b,2024-04-05 11:49:00,2024-04-05 14:25:05,2.6,urgent,72,,False
T-370ca1,A-a1b80b,2023-12-29 17:28:00,2023-12-30 11:13:20,17.8,high,64,5.0,False
T-326eba,A-a1b80b,2024-10-07 19:47:00,2024-10-08 21:10:51,25.4,high,91,4.0,False
T-4fd6a6,A-a1b80b,2024-11-13 11:13:00,2024-11-14 05:58:22,18.8,urgent,55,3.0,False
T-c0d359,A-d62e02,2024-09-02 20:33:00,2024-09-03 15:45:33,19.2,medium,75,,False
T-5e14e5,A-d62e02,2024-11-28 12:00:00,2024-12-01 05:31:20,65.5,high,65,3.0,False
T-88b64f,A-d62e02,2024-10-02 19:51:00,2024-10-03 15:33:11,19.7,urgent,90,,False
T-91881f,A-d62e02,2024-12-13 10:25:00,2024-12-14 19:27:14,33.0,medium,52,,False
T-d3e2ef,A-bb1486,2024-11-10 18:57:00,2024-11-12 13:36:28,42.7,urgent,15,3.0,False
T-7d2209,A-bb1486,2024-12-30 09:13:00,2024-12-31 14:09:33,28.9,low,85,5.0,False
T-95ad3f,A-a33200,2024-10-15 07:12:00,2024-10-16 11:21:37,28.2,low,42,3.0,False
T-f30340,A-a33200,2024-10-28 16:33:00,2024-10-29 12:37:33,20.1,urgent,112,3.0,False
T-9986cf,A-a33200,2024-10-05 20:12:00,2024-10-06 08:05:10,11.9,low,114,,False
T-fd695d,A-c16cf7,2024-11-09 18:18:00,2024-11-12 18:18:00,72.0,low,154,2.0,False
T-ff3389,A-c16cf7,2024-10-17 07:55:00,2024-10-20 07:55:00,72.0,low,76,2.0,True
T-09f584,A-c16cf7,2024-11-16 14:45:00,2024-11-17 22:45:58,32.0,medium,32,1.0,False
T-7ee064,A-c16cf7,2024-11-20 20:09:00,2024-11-23 01:08:54,53.0,low,180,2.0,False
T-4098f6,A-c16cf7,2024-10-26 08:57:00,2024-10-29 08:57:00,72.0,medium,39,2.0,False
T-cbab28,A-c16cf7,2024-11-20 11:00:00,2024-11-21 23:29:25,36.5,medium,180,,False
T-1cfd63,A-625d0b,2024-12-25 15:18:00,2024-12-26 05:11:41,13.9,low,46,,False
T-42c901,A-625d0b,2024-12-10 13:35:00,2024-12-12 05:48:42,40.2,high,15,4.0,False
T-f8f8c6,A-625d0b,2024-12-15 08:58:00,2024-12-18 08:58:00,72.0,high,62,3.0,False
T-a9964c,A-625d0b,2024-11-04 20:52:00,2024-11-05 18:44:37,21.9,urgent,180,,False
T-abd5c8,A-625d0b,2024-10-28 09:13:00,2024-10-29 00:51:37,15.6,low,104,2.0,False
T-f4ba07,A-625d0b,2024-09-14 16:38:00,2024-09-15 03:45:12,11.1,medium,37,,False
T-840700,A-3b5cd1,2023-09-15 10:19:00,2023-09-16 04:04:21,17.8,medium,30,,False
T-d97e84,A-3b5cd1,2024-11-21 12:45:00,2024-11-22 22:06:03,33.4,medium,39,,True
T-4b6383,A-3b5cd1,2023-11-29 17:04:00,2023-11-30 22:42:50,29.6,urgent,120,3.0,False
T-6c1ca5,A-249769,2024-12-15 14:53:00,2024-12-18 14:53:00,72.0,high,32,,False
T-29f9d1,A-249769,2024-12-30 12:03:00,2024-12-31 10:49:58,22.8,high,39,,False
T-f89c58,A-249769,2024-11-19 12:48:00,2024-11-20 02:40:21,13.9,low,62,2.0,False
T-64478f,A-249769,2024-10-02 11:14:00,2024-10-04 21:44:13,58.5,medium,52,,False
T-428dee,A-249769,2024-06-25 14:50:00,2024-06-26 20:01:29,29.2,high,65,,False
T-a9015d,A-249769,2024-09-30 11:41:00,2024-10-01 07:08:37,19.5,low,88,,False
T-e89008,A-249769,2024-09-16 13:32:00,2024-09-16 20:12:33,6.7,medium,85,4.0,False
T-044649,A-b11cd0,2023-05-28 14:48:00,2023-05-30 09:52:33,43.1,urgent,47,3.0,False
T-ecbe8b,A-b11cd0,2024-03-11 17:49:00,2024-03-12 12:16:23,18.5,high,21,,False
T-a66015,A-b11cd0,2023-02-01 14:33:00,2023-02-04 01:21:52,58.8,urgent,93,4.0,False
T-6a5426,A-b11cd0,2023-05-02 09:56:00,2023-05-03 01:06:58,15.2,low,100,2.0,False
